,index,Review,Label
0,All of the people working there were very friendly and were quick and efficient,Friendly,Fast/Quick/Speedy/Timely
1,The technician was very helpful and quick with my safety inspection,Good customer service,Fast/Quick/Speedy/Timely
2,Quick and friendly crew,Fast/Quick/Speedy/Timely,Friendly
3,"Excellent, Service and Professional!",Good customer service,Professional
4,Very fast,Fast/Quick/Speedy/Timely,
5,This specific Jiffy Lube does an amazing job every time I go,Good customer service,
6,They were very fast friendly and helpful,Friendly,
7,I have always had good experiences and customer service at Jiffy Lube,Good customer service,
8,Just doing service litlle more faster but other that really good service and really nice all,Fast/Quick/Speedy/Timely,
9,"People are friendly, polite, and very fast and efficient",Friendly,
10,Location and outstanding customer service,Convenient,Good customer service
11,very helpful people there they know what they doing,Knowledgeable employees,
12,"Everything was great, except they wipe my windows off with greasy rags",Good customer service,
13,Everything was taken care of,Good customer service,
14,Convenient,Convenient,
15,Friendly service and fast as well,Friendly,
16,"Every time I come here, all of my issues I want addressed do get addressed",Good customer service,
17,Friendlyness and Prices,Friendly,Fair price
18,"I only got an oil change, so I am unsure how jiffy will perform other maintenance",Other,
19,"Staff was efficient, friendly, and knowledgeable",Friendly,Knowledgeable employees
20,Courteous employees!!!,Courtesy,
21,The staff was extremely knowledgeable and friendly,Friendly,Knowledgeable employees
22,Fast service,Fast/Quick/Speedy/Timely,
23,"Where I am when I need the service, here in Fort Collins or somewhere else in the country",Convenient,
24,I have a regular repair service,Other,
25,"Customer service is great, they are nice and do a great job",Good customer service,
26,Service was timely,Fast/Quick/Speedy/Timely,
27,Have been twice,Other,
28,Not sure of all the sevices Jiffy Lube provides,Other,
29,The customer service skills and experience was great,Good customer service,
30,I have a service plan with my car,Other,
31,Jiffy lube is fast and I trust the crew to inform me of my options if needed,Fast/Quick/Speedy/Timely,Trustworthy
32,"Quick service, friendly employees",Fast/Quick/Speedy/Timely,Friendly
33,"I have a mechanic that does most repairs, but I use Jiffy lube to do my oil changes",Other,
34,I will for sure,Other,
35,Prompt and courtesy,Fast/Quick/Speedy/Timely,Courtesy
36,Location,Convenient,
37,They are quick,Fast/Quick/Speedy/Timely,
38,They let you know what needs you be done and let you know how much it will cost,Cost,
39,Just depends on what I might need and the pricing,Fair price,Have equipment needed
40,Quick and friendly service,Fast/Quick/Speedy/Timely,Friendly
41,I believe the manager name was Paul,Other,
42,"Hayden had exceptional customer service ! Very pleasant , courteous and explain the products well !",Good customer service,Courtesy
43,The great service,Good customer service,
44,"Very courteous, explaining things to me and patient with me",Courtesy,
45,Family owns jiffy lubes in another area,Other,
46,Pricing,Fair price,
47,Air filter replacement cost $50 for a $10 part,Cost,
48,Great,Good customer service,
49,fast and nice,Fast/Quick/Speedy/Timely,
50,Great service at a fair price,Good customer service,Fair price
51,I've been a customer for 15+ years and have never had a bad experience,Good customer service,
52,Professional services and courteous attitudes,Professional,Courtesy
53,It depends on what I need done,Convenient,
54,"Excellent service, very courteous and knowledgeable staff",Good customer service,Courtesy
55,Never needed maintenance work done there,Other,
56,Got a mechanic in the family,Other,
57,They have good service and affordable prices,Good customer service,Fair price
58,Depends on the type of service needed and the cost,Convenient,Cost
59,I usually only come in for oil changes,Have equipment needed,
60,"I had my tires done today (Saturday, 24) amazing work, Jarvis in The Frederick, Maryland region was great especially answering my questions",Good customer service,Knowledgeable employees
61,I think of Jiffy Lube when I need an oil change,Have equipment needed,
62,They were efficient and friendly,Friendly,
63,Efficient and respectful workers,Courtesy,Good customer service
64,I have not used Jiffy Lube for anything other than an oil change so I am unfamiliar with their level of expertise in routine maintenance,Other,
65,"The fact that you can get the service, in a relatively short time, without an appointment",Fast/Quick/Speedy/Timely,
66,Systematic care for my care,Good customer service,
67,"The service representative very clearly communicated the service recommended for my vehicle according to manufacturer specifications, the nature of the service required and at what mileage the car should be serviced",Knowledgeable employees,
68,I've been taking my car there for years at the west Patrick in Frederick md location and Ive always paid for the signature services and had my car vacuumed out and this time they only vacuumed the floor and I asked if they can vacuum the back seat and the guy looked at me funny and stated that they don't normally do that but will do it this time,Good customer service,
69,Depending on the service I may check to see if other places will offer routine maintenance at a lower price,Fair price,
70,The prices,Fair price,
71,Very Fast less than 10 minutes and done right,Fast/Quick/Speedy/Timely,
72,Good service friendly staff and quick service,Friendly,Fast/Quick/Speedy/Timely
73,Prompt and polite service,Courtesy,Fast/Quick/Speedy/Timely
74,Quick and good service,Fast/Quick/Speedy/Timely,
75,Yes,Other,
76,Service,Good customer service,
77,Great customer service,Good customer service,
78,Quick service,Fast/Quick/Speedy/Timely,
79,Everyone was super friendly and gave fast service,Friendly,
80,Very nice employees,Friendly,
81,Very friendly came to the car opened the vacuumed the car,Friendly,
82,"Fast , easy  ",Fast/Quick/Speedy/Timely,
83,Always friendly and professional,Friendly,
84,All employees I came in contact with were pleasant and answered all my questions,Knowledgeable employees,
85,"I only do oil changes there, I leave everything else to my mechanic",Have equipment needed,
86,EVERYONE WAS CURTIOUS AND PROFESSIONAL,Courtesy,Professional
87,I get my state inspection there,Other,
88,I always receive quick friendly service and the job is done right,Fast/Quick/Speedy/Timely,Friendly
89,Oil change and filters,Have equipment needed,
90,quick friendly and offered discounts at the point of service,Fast/Quick/Speedy/Timely,Friendly
91,Quick and friendly,Fast/Quick/Speedy/Timely,Friendly
92,Great service!!!,Good customer service,
93,informative about what they were doing and very courtesy,Knowledgeable employees,Courtesy
94,Cheaper than other places,Cost,
95,Great service and prices,Good customer service,Fair price
96,Was not aware Jiffy Lube provided service beyond oil change,Other,
97,"good service, fast",Good customer service,Fast/Quick/Speedy/Timely
98,very pleased,Good customer service,
99,Everyone was nice and smiling!,Friendly,
100,THe way your members went out of their way to explain things to me,Knowledgeable employees,
101,Only because one bad Apple will not ruin the tree,Other,
102,"Professional service, did not push on extras regarding maintenance",Professional,
103,Everyone there was super friendly and helpful,Friendly,
104,Jiffy Lube checked my air filter and my cabin filter,Good customer service,
105,"I've always gotten my oilchange with the Jiffy Lube,",Have equipment needed,
106,I have been a Jiffy Lube customer since 2001 and have always received excellent service,Good customer service,
107,"I usually change my own oil, but sometimes I don't have the time",Convenient,
108,The new manager,Good customer service,
109,Work was done well and fast,Good customer service,Fast/Quick/Speedy/Timely
110,Fast service,Fast/Quick/Speedy/Timely,
111,Manager's personal attention,Good customer service,
112,They always explain everything and don't try and sell me stuff I DON'T need,Professional,Knowledgeable employees
113,Very pleased with the overall visit,Good customer service,
114,Very polite and professional,Professional,
115,The cost,Cost,
116,The guys were so nice and explained about my vehicle engine and how things worked,Knowledgeable employees,
117,"People are very nice, sales wasn't pushy at all",Friendly,Knowledgeable employees
118,Friendly service,Friendly,
119,Very fast turn around time and professional staff,Fast/Quick/Speedy/Timely,Professional
120,Dan is the man,Good customer service,
121,They were pleasant,Friendly,
122,"Great, Fast service!!!",Good customer service,Fast/Quick/Speedy/Timely
123,The personnel are very quick and courteous with my car and it gets a thorough work over,Fast/Quick/Speedy/Timely,Courtesy
124,They were a nice bunch of guys,Good customer service,
125,Very nice people working there,Friendly,
126,The big guy Tyler I believe was his name,Other,
127,I mostly use JL for oil changes only,Have equipment needed,
128,How friendly and fast they are at changing my oil,Friendly,
129,They had very good communication and they were willing to work with me on the price,Professional,Fair price
130,Cost,Cost,
131,"Treated respectfully, prompt service, fair prices, and let me know that many other car maintenance services are available",Courtesy,Fast/Quick/Speedy/Timely
132,Trusted employees,Trustworthy,
133,"Excellent customer service, professionalism and speed",Good customer service,Professional
134,Fast service,Fast/Quick/Speedy/Timely,
135,Fast,Fast/Quick/Speedy/Timely,
136,They were very throu and went above and beyond to make sure my car got the service of needed,Courtesy,
137,I have never used jiffy lube for anything else either than oil change,Other,
138,The service,Good customer service,
139,"Everyone was very helpful, friendly and efficient",Friendly,
140,Very good customer service,Good customer service,
141,Fast quality service,Fast/Quick/Speedy/Timely,
142,Attendant was very professional,Professional,
143,"The staff was very attentive, but the prices are starting to become too high",Good customer service,
144,service was great and I was in and out very quickly,Good customer service,Fast/Quick/Speedy/Timely
145,It was great service overall!,Good customer service,
146,The staff was friendly and provided quick service,Friendly,Fast/Quick/Speedy/Timely
147,"The service was very good and the employees very kind, thoughtful and professional",Good customer service,Professional
148,"The manager was friendly, didn't try to push additional services",Friendly,
149,availability of parts and cost,Cost,Have equipment needed
150,Extremely friendly,Friendly,
151,Fast and efficient service,Good customer service,Fast/Quick/Speedy/Timely
152,Price check was competitive on some items,Fair price,
153,Everybody was super nice,Friendly,
154,The staff were efficient and thorough!,Good customer service,Knowledgeable employees
155,"Excellent, fast service!",Good customer service,
156,The ease of the experience,Convenient,
157,No high pitch sales,Professional,
158,I trust them as everyone seems to be well trained,Trustworthy,
159,they were extremely nice,Friendly,
160,I was told about needed services and preventative information as well,Knowledgeable employees,
161,Great customer service,Good customer service,
162,When my vehicle needs repair generally my husband or son in law will take care of it but if I needed more than they could handle or if they didn't have time I would go back to Jiffy Lube without hesitation,Convenient,
163,"I typically only get oil changes as Jiffy Lube, I have another mechanic that I use for other maintenance",Other,
164,Definitely I like the service,Good customer service,
165,Very professional!,Professional,
166,Service recieved,Good customer service,
167,Service people are very courteous and fast,Courtesy,
168,Good checks and notification of deficiencies,Good customer service,
169,I've used Jiffy Lube for many years and have always been satisfied with the service I received,Good customer service,
170,I appreciated that something that I've gone to mechanics for in the last yr and not been resolved was fixed during my oil Change,Good customer service,
171,The prices,Fair price,
172,"Prompt, answered all questions, politeness",Knowledgeable employees,
173,Excellent service,Good customer service,
174,Very good customer service at this location,Good customer service,
175,I think of Jiffy lube for Oil Changes,Have equipment needed,
176,Made a mistake on oil weight and promptly corrected their mistake,Other,
177,OVERALL GREETING AT REGISTER WHEN WALKED IN,Courtesy,
178,Great services,Good customer service,
179,Because Aj and the others guys always exceed expectations !,Good customer service,
180,the manager by the name of Kevin was very pleasant and nice,Good customer service,
181,"Friendly staff, no high pressure sales",Friendly,
182,I'm recognized as a regular customer even when I drive a different vehicle,Good customer service,
183,Depends what kind of service I will need for my car,Other,
184,Very fast and courteous employees!,Fast/Quick/Speedy/Timely,Courtesy
185,Not sure if jiffy lube would be the best price for whatever work I might need done,Fair price,
186,Great customer service!!!,Good customer service,
187,They were friendly professional and fast,Friendly,Professional
188,Very friendly and fast service!!!,Friendly,
189,customer service is top notch,Good customer service,
190,Staff was excellent and very nice,Good customer service,Friendly
191,Good experience,Good customer service,
192,"Fast,efficient",Fast/Quick/Speedy/Timely,
193,Staff is extremely professional everytime I go  (Merritt Blvd location),Professional,
194,If I have a coupon,Discounts/Coupons,
195,Excellent service,Good customer service,
196,Prompt service,Fast/Quick/Speedy/Timely,
197,Great,Good customer service,
198,Everyone I interacted with was helpful and pleasant,Friendly,
199,Very good,Good customer service,
200,"Friendly , fast and always do great work",Friendly,
201,Very friendly & quick service!!!,Friendly,Fast/Quick/Speedy/Timely
202,I have a friend that is my mechanic for anything beyond an oil change,Friendly,
203,I told what I wanted it got done and had me out in a good time,Fast/Quick/Speedy/Timely,
204,HAD MY OIL CHANGED AND TRANSMISSION FLUID CHANGED TOOK LESS TIME THEN THEY TOLD ME HAD GREAT EXPERIANCE WILL BE BACK AGAIN THANK YOU,Fast/Quick/Speedy/Timely,
205,quick,Fast/Quick/Speedy/Timely,
206,It depends upon what is needed - I may go to the dealer or a mechanic friend,Friendly,
207,I usually only go for an oil change,Have equipment needed,
208,Customer service is great,Good customer service,
209,good customer service,Good customer service,
210,"I appreciated that the team looked beyond the service I was there for (oil change and tire rotation), and discovered a problem with my brake pads and rotors",Knowledgeable employees,
211,Fast service and very nice staff,Good customer service,Fast/Quick/Speedy/Timely
212,Very friendly and very efficent,Friendly,
213,Extremely friendly and quick service,Friendly,Fast/Quick/Speedy/Timely
214,This annapolis location is the best jiffy lube ive ever visited,Good customer service,
215,Love the management Ricci is always so friendly and welcomkng,Friendly,
216,Customer service is outstanding aAnnapolis Jiffy Lube!,Good customer service,
217,convenient and quick,Convenient,Fast/Quick/Speedy/Timely
218,Had excellent service and information,Good customer service,Knowledgeable employees
219,"Great, efficient service",Good customer service,
220,Everyone  from start to finish  were so helpful,Good customer service,
221,I was treated like a customer should be,Good customer service,
222,The follow-up service is a plus draw,Good customer service,
223,"good service, friendly and knowledgeable people, on time delivery",Good customer service,Friendly
224,Fast service,Fast/Quick/Speedy/Timely,
225,"Very nice, very quick",Fast/Quick/Speedy/Timely,
226,Quick and close to my job,Fast/Quick/Speedy/Timely,Close to home
227,Happy with basic services but unsure about other services,Good customer service,
228,FAST service!,Fast/Quick/Speedy/Timely,
229,Good service,Good customer service,
230,"Price of suggested services during my recent visit where higher than at my regular mechanic, but there is the convenience factor to consider",Convenient,
231,alway's professional and courteous prompt,Professional,Courtesy
232,Very professional service,Professional,
233,Courteous,Courtesy,
234,They stand behind their work and correct their mistakes,Good customer service,
235,Best jiffy lube I've ever been too,Good customer service,
236,The staff was very knowledgeable,Knowledgeable employees,
237,Fastest service I ever had at a Jiffy Lube Center,Fast/Quick/Speedy/Timely,
238,I  trust the crew at the Annapolis Jiffy Lube,Trustworthy,
239,Great customer service,Good customer service,
240,Reasonable prices,Fair price,
241,"Friendly greeting, in quickly, review of service required by manufacturer",Friendly,Fast/Quick/Speedy/Timely
242,"My experience was exceptional, my brother is a mechanic that is the only reason I say probably over definitely",Good customer service,
243,There was an employee Alex Camacho that did a very good job with assisting me and getting me what I needed,Knowledgeable employees,
244,Great,Good customer service,
245,Depending on price and my available coupons,Fair price,Discounts/Coupons
246,I will return,Other,
247,courtesy of employees and 7 years of trouble free mileage with my car,Courtesy,
248,They know me,Knowledgeable employees,
249,Great customer service by all staff,Good customer service,
250,timely manner in which my car was serviced,Fast/Quick/Speedy/Timely,
251,The staff was courteous and efficient and worked fast,Courtesy,
252,Convenient friendly service,Friendly,
253,"The employees are polite, friendly and genuine",Friendly,
254,The easy of getting in and out,Fast/Quick/Speedy/Timely,
255,The team was awesome,Good customer service,
256,Quick service cheap prices,Fast/Quick/Speedy/Timely,Fair price
257,"My vehicle is 10 yrs old and Jiffy Lube has always been servicing it, except for tires and brakes",Good customer service,
258,The oil change service was super fast,Fast/Quick/Speedy/Timely,
259,I know I can get in and out on my lunch break,Fast/Quick/Speedy/Timely,
260,The workers were all very polite and informative,Courtesy,Knowledgeable employees
261,The people were very nice and detailed about my vehicle,Friendly,Knowledgeable employees
262,"The staff are always very friendly , helpful thorough",Friendly,
263,"Friendly, efficient service",Friendly,
264,Great service,Good customer service,
265,"My local Jiffy Lube always delivers excellent service, quickly",Good customer service,Fast/Quick/Speedy/Timely
266,In and out everytime,Fast/Quick/Speedy/Timely,
267,The prompt efficient service,Fast/Quick/Speedy/Timely,
268,"Efficient, courteous, not pushy",Good customer service,Courtesy
269,"I have been very happy with my Jiffy Lube experiences, John, the manager, pays close attention to what is being done and to the history of services on my truck",Good customer service,
270,Depends if they can do the work at my location,Convenient,
271,Professional and great service!!,Professional,
272,"Staff is always friendly, knowledgable, professional, and efficient",Friendly,Professional
273,"The oil changes are generally fairly quick, but the times I have had other routine maintenance done it seems to take a while to get it done",Fast/Quick/Speedy/Timely,
274,"Friendly staff, quick and efficient service!",Friendly,Fast/Quick/Speedy/Timely
275,"always get great, friendly, pressure-free service",Friendly,
276,I have to say I really liked the guy that walked me thru the service,Knowledgeable employees,
277,Tech used instrument to reset my air pressure gauge so light would go off,Knowledgeable employees,
278,Great customer service,Good customer service,
279,Everyone was really nice it was easy and fast,Fast/Quick/Speedy/Timely,Friendly
280,Prompt and courteous service,Fast/Quick/Speedy/Timely,Courtesy
281,"Attendees were warm, friendly, and quick",Friendly,Fast/Quick/Speedy/Timely
282,"Well, I haven't fully committed because one of the specialist wasn't the friendliest",Friendly,
283,"Polite staff, fast service",Courtesy,Fast/Quick/Speedy/Timely
284,Customer Service,Good customer service,
285,Customer service was excellent,Good customer service,
286,The customer service and promptness of my visit,Good customer service,
287,The customer service,Good customer service,
288,The courteous service I received,Courtesy,
289,Very Nice guys there,Friendly,
290,The workers were friendly and prompt,Friendly,
291,It depends on the cost,Cost,
292,I like the recommended service given by the staff,Good customer service,
293,Good fast service,Good customer service,Fast/Quick/Speedy/Timely
294,I like the reliability of the service provided,Trustworthy,
295,Cost,Cost,
296,Depends on what kind of maintenance needed and current location,Convenient,
297,Yes,Other,
298,Quality service,Good customer service,
299,Trusted the team to be fair and accurate with systems in place to assure what is needed is needed,Trustworthy,
300,Convenient and reliable for me,Convenient,
301,Mechanics were very personable and knowledgeable,Professional,Knowledgeable employees
302,I enjoyed the time and attention to detail that the techs provided,Fast/Quick/Speedy/Timely,Knowledgeable employees
303,Convenience,Convenient,
304,Prompt service,Fast/Quick/Speedy/Timely,
305,Because I am sure about it,Trustworthy,
306,Yes,Other,
307,Great customer service,Good customer service,
308,Service men where detailed,Knowledgeable employees,
309,Jiffy Lube seems like it's a good place to have an oil change - I don't know how qualified their technicians are to perform other tasks,Have equipment needed,
310,Staff was very professional and took the time to go through all recommend points of attention pertaining to our vehicle,Professional,
311,efficient,Fast/Quick/Speedy/Timely,
312,Covience and efficient,Convenient,
313,The workers,Good customer service,
314,they give good customer service,Good customer service,
315,Good place and good people,Good customer service,
316,"Everyone is always nice and friendly, and the service is always great and fast!  I continue to drive out of my way to go there because I have such good experiences every time I go",Friendly,
317,Staff was great,Good customer service,
318,I got in right away w/ out appt,Fast/Quick/Speedy/Timely,
319,Service where great,Good customer service,
320,Super efficient,Good customer service,
321,The staff are always friendly and informative,Friendly,
322,"I have always been treated well, my questions are answered and my truck is taken care of as well",Good customer service,
323,Friendly and courteous service,Friendly,Courtesy
324,"For small maintenance, filters, wipers,changing fluids yes",Good customer service,
325,Quick and efficient,Fast/Quick/Speedy/Timely,
326,fast performance,Fast/Quick/Speedy/Timely,
327,Value for the service provided,Value,
328,Good customer service !,Good customer service,
329,great service,Good customer service,
330,Service was quick,Fast/Quick/Speedy/Timely,
331,They were and friendly,Friendly,
332,Love the coupons also the service was so fast,Discounts/Coupons,
333,The mechanics are always so nice and helpful,Courtesy,Friendly
334,It was quick,Fast/Quick/Speedy/Timely,
335,Went during slow time so instead of a  couple workers changing my oil while others relaxed they  instead ALL did the work together and therefore I was in and out super quick,Fast/Quick/Speedy/Timely,
336,I SAW WORK BAY- WELL EQUIPTED!,Have equipment needed,
337,The employees were friendly and knowledgable,Friendly,
338,I like the timely manner that I can get in and out with good quality of work,Good customer service,Fast/Quick/Speedy/Timely
339,Great service,Good customer service,
340,I will probably return for new filter that was shown to me at this visit,Have equipment needed,
341,"I have a mechanic, but I usually can't wait get an appointment right on the spot like at jiffy lube",Fast/Quick/Speedy/Timely,
342,Fast efficient service,Fast/Quick/Speedy/Timely,
343,prompt and courteous service,Fast/Quick/Speedy/Timely,Courtesy
344,Courtious and efficient service,Courtesy,Fast/Quick/Speedy/Timely
345,Fast and efficient service,Courtesy,Fast/Quick/Speedy/Timely
346,Great service,Good customer service,
347,Professional,Professional,
348,People were very prompt efficient and polite,Fast/Quick/Speedy/Timely,Knowledgeable employees
349,Courtesy provided,Courtesy,
350,The staff was very friendly and personable,Friendly,
351,Distance from home,Close to home,
352,Great courteous staff,Courtesy,
353,Very friendly,Friendly,
354,Unaware of other services,Other,
355,I have been a customer for 6 years,Good customer service,
356,Quick and nice!,Fast/Quick/Speedy/Timely,
357,"Quick, professional and reliable service",Fast/Quick/Speedy/Timely,Professional
358,"Convenience, great staff",Convenient,Good customer service
359,Jiffylube keeps a record of the sevices my vehicle has had and the services it needs to have,Good customer service,
360,Everyone was very polite and helpful,Courtesy,Professional
361,"Accuracy, quickness, and pricing",Good customer service,Fast/Quick/Speedy/Timely
362,"The staff was awesome, from the persons that greeted me when i pulled up outside to the machanic who gave me my car summary to the service associate who took my payment at the front desk",Courtesy,Good customer service
363,Everyone at this location were especially friendly,Friendly,
364,I like how its affordable and the agent didn't try to sell me unnecessary services,Professional,Fair price
365,Don't believe in going to different places to have my car maintenanced,Good customer service,
366,Speedy and excellent customer service,Fast/Quick/Speedy/Timely,Good customer service
367,Quick service; informative; friendly staff,Fast/Quick/Speedy/Timely,Friendly
368,Brakes,Other,
369,"Jiffy Lube service team/staff are always attentive, informative and thorough in the service delivery",Good customer service,Knowledgeable employees
370,"Handled promptly with great care,customer services was excellent",Good customer service,Knowledgeable employees
371,It depends on if Jiffy Lube covers the service that my vehicle needs,Convenient,
372,Great customer service,Good customer service,
373,location,Convenient,
374,"I am always notified about my needed services, I don't have to worry about things in my car going wrong and not given information about what I should do to rectify the problem",Professional,
375,Courtesy of the staff!!!,Courtesy,
376,"The service was great very friendly crew, quickly completed the service and seemed to have valued my time",Friendly,Fast/Quick/Speedy/Timely
377,Yes,Other,
378,Professionalism and personable interaction,Professional,
379,"They always take care of my car and help me keep take care of my car,every one is always polite,i will continue to come to jiffy lube where I feel comfortable,thank you jiffy lube",Good customer service,
380,Technicians were very professional and expeditious with the service,Professional,
381,You guys can service my vehicles cheaper than I can,Fair price,
382,Professionalism,Professional,
383,fast service,Fast/Quick/Speedy/Timely,
384,"Quick, simple and easy",Fast/Quick/Speedy/Timely,
385,The customer service was excellent!,Good customer service,
386,Friendly staff and the Manager there is always on point with His experience mindset on my Car,Friendly,
387,The Service was good,Good customer service,
388,The professional service and time it was done in,Professional,
389,I  have been coming to jiffy lube for many years and have consistently received top notch service,Good customer service,
390,"Great customer service, speedy maintenance, & explanation of services",Good customer service,Fast/Quick/Speedy/Timely
391,Was told will top off fluids and vacuum and check tire pressure,Knowledgeable employees,
392,"Quick, easy, and everything was relatively cheap",Fast/Quick/Speedy/Timely,
393,Price around,Fair price,
394,I love that they can give me a print out of everything I have had done at Jiffy Lube,Good customer service,Responsible
395,great service hardly no wait time,Good customer service,Fast/Quick/Speedy/Timely
396,Dependable & fast,Fast/Quick/Speedy/Timely,Trustworthy
397,Excellent service and fast,Good customer service,Fast/Quick/Speedy/Timely
398,I have been coming to Jiffy Lube for about a year now,Other,
399,I received outstanding service in every way,Good customer service,
400,Air filter windshield repair,Have equipment needed,
401,Your team is so friendly and wonderful!,Friendly,
402,"People was very nice, service was quick",Fast/Quick/Speedy/Timely,
403,Great customer service and everything was done as requested and expected,Good customer service,
404,I appreciate their friendliness and honesty,Friendly,
405,the staff was nice,Friendly,
406,Friendly and prompt service,Friendly,
407,Fast friendly service,Friendly,
408,The attitudes of all the employees I encountered was great,Courtesy,
409,Convenance and quality of service,Convenient,Good customer service
410,price,Fair price,
411,they were friendly & efficient,Friendly,
412,Good service,Good customer service,
413,Convenience,Convenient,
414,Fast service and the associates were nice,Fast/Quick/Speedy/Timely,Friendly
415,Convience and time effective,Convenient,Fast/Quick/Speedy/Timely
416,The customer service interaction was just wonderful! They've found a longtime customer here! Keep up the great work guys!,Good customer service,
417,I like the work they do,Good customer service,
418,Good service,Good customer service,
419,Cooperative and knowledgable staff,Professional,Knowledgeable employees
420,Manager Eric Roda backs up his work and is no lazy ass,Good customer service,Professional
421,It all depends on what needs to be done,Convenient,
422,Prompt and complete service,Good customer service,Fast/Quick/Speedy/Timely
423,Price,Fair price,
424,Service,Good customer service,
425,"The employees were great at helping me understand any potential issues with my vehicle, and the customer service in general was wonderful!",Good customer service,
426,The staff,Courtesy,
427,I love Jiffy Lube! They always get the job done! They are so friendly opening the door for me and my family and servicing me in a timely manner,Friendly,
428,"VERY nice, polite, friendly crew",Friendly,
429,The gentleman was very polite and kind when I came in and was running late in the afternoon,Courtesy,
430,"Fast,  efficient service",Fast/Quick/Speedy/Timely,
431,Guys were fast very nice and professional,Fast/Quick/Speedy/Timely,Professional
432,Nice people fast service,Fast/Quick/Speedy/Timely,Friendly
433,Was told the dip stick was stuck and could not be removed to check oil level prior to service,Knowledgeable employees,
434,"Quality, timeliness (I mean 12 minutes), care, and kindness",Good customer service,Fast/Quick/Speedy/Timely
435,I have been using Jiffy Lube for years and all my vehicles have had no major repairs,Good customer service,
436,"Fast, convenient",Fast/Quick/Speedy/Timely,Convenient
437,Everyone was friendly and the service was quick,Friendly,Fast/Quick/Speedy/Timely
438,Friendly efficient staff,Friendly,
439,Always get quick and professional service,Fast/Quick/Speedy/Timely,
440,"personalized service, technicians very courteous and not to mention, completed in a very short time frame",Courtesy,Fast/Quick/Speedy/Timely
441,Great service,Good customer service,
442,I felt Larry was honest about what I needed and what I didn't need,Trustworthy,
443,Prompt and courteous service,Fast/Quick/Speedy/Timely,Courtesy
444,Extremely PROFESSIONAL! knowledgable and pleasant!,Professional,
445,Quick service and explanation of service,Fast/Quick/Speedy/Timely,
446,"Friendly staff, quality service",Friendly,
447,Just didn't feel like a valued customer,Good customer service,
448,Reputation and commitment to customers,Good customer service,
449,I like that the service man did not push me to authorize extra car maintenance's jobs,Professional,
450,Courteous and speedy service,Courtesy,Fast/Quick/Speedy/Timely
451,I like the convenience of no appointment quick in and out!,Fast/Quick/Speedy/Timely,
452,"quick, professional, great value, and I leave knowing my car got what it needed without wasting money",Fast/Quick/Speedy/Timely,Professional
453,I am new to the area and haven't had the chance to see the competitors,Convenient,
454,Very kind staff,Professional,
455,The service that goes beyond an oil change,Good customer service,
456,Good service,Good customer service,
457,"very fast, cheap, friendly",Friendly,
458,The hot guys number #1 and the service is always fast n the quality of work,Good customer service,Fast/Quick/Speedy/Timely
459,"The staff was friendly and knowledgeable, they were just great",Friendly,Knowledgeable employees
460,Good service and prices and small waiting time,Good customer service,Fair price
461,Price and convience,Fair price,
462,Quick courteous service,Fast/Quick/Speedy/Timely,Courtesy
463,Fast service no appt necessary,Fast/Quick/Speedy/Timely,
464,Price,Fair price,
465,Depends on if there are any sales/coupons for work needed,Discounts/Coupons,
466,convenience and speed,Convenient,Fast/Quick/Speedy/Timely
467,I was very I satisfied that the last time I was there after visiting several times prior I was finally told about the Top Off deal Jiffy Lube offers,Discounts/Coupons,
468,Quickness of service and price,Fast/Quick/Speedy/Timely,
469,"speed,kindness",Fast/Quick/Speedy/Timely,
470,Fast and friendly service,Friendly,
471,"Friendly, honest service",Friendly,
472,Always quick and job is done well,Fast/Quick/Speedy/Timely,
473,I enjoy the prompt and courteous treatment by your knowledgeable staff,Knowledgeable employees,Courtesy
474,the speed and quality of the service,Fast/Quick/Speedy/Timely,
475,"Overall Customer Service, from start to finish",Good customer service,
476,"They were very quick friendly, quick and did a great job",Friendly,
477,Everyone is professional and friendly,Professional,Friendly
478,price,Fair price,
479,Great work and fast,Good customer service,Fast/Quick/Speedy/Timely
480,The staff was efficient and courteous,Good customer service,Courtesy
481,Excellent customer service and prompt service,Good customer service,
482,Will return for oil changes,Have equipment needed,
483,Depends on the service in question,Convenient,
484,Convenience,Convenient,
485,"Great value & convenience, plus services well performed",Value,
486,Fast service and reasonable price,Fast/Quick/Speedy/Timely,Fair price
487,Depends on the specific service needed,Good customer service,
488,Great customer service & short wait time,Good customer service,
489,Clean and courteous keeps me coming back,Courtesy,Good customer service
490,Some things,Other,
491,I'll return just at a different time because it was very crowded so my wait took a little longer than expected,Close to home,Convenient
492,The customer service,Good customer service,
493,Good customer service,Good customer service,
494,Great customer service,Good customer service,
495,The person who helped and reviewed my cars analysis was very thorough and helpful,Knowledgeable employees,
496,I usually just get oil changes and small things done at Jiffy Lube due to convienence I have a mechanic for all other things,Convenient,
497,tire check,Other,
498,Staff was knowledgeable and very courteous,Knowledgeable employees,Courtesy
499,"Great service, staff very helpful and I just appreciate the attention to detail",Good customer service,Knowledgeable employees
500,"Friendly greeting, coffee,  tv :-)",Friendly,
501,Theirron friendly and professional,Friendly,Professional
502,Manners the employees use even as simply holding a door for each customer sure don't see that anymore good job,Good customer service,
503,The service was quick and excellent,Fast/Quick/Speedy/Timely,
504,From the greeting to my departing from jiffy lube,Good customer service,
505,The pp were so nice!!!!,Good customer service,
506,Good fast service,Good customer service,Fast/Quick/Speedy/Timely
507,The knowledge that the staff had was impressive and the way they treated me was excellent,Good customer service,Knowledgeable employees
508,Good service,Good customer service,
509,Timely fashion,Fast/Quick/Speedy/Timely,
510,One of the best customer service teams I have ever encountered,Good customer service,
511,"The staff was courteous, helpful and efficient!",Courtesy,
512,The courtesy & convenient a consumer given while tour vehicle is serviced,Courtesy,Convenient
513,Employees greeted me and were very attentive,Good customer service,Professional
514,"Treated courteously, work explained thoroughly, work done quickly",Courtesy,Fast/Quick/Speedy/Timely
515,overall service,Good customer service,
516,Quick service,Fast/Quick/Speedy/Timely,
517,Fastness of service,Fast/Quick/Speedy/Timely,
518,"Price,and consistancy",Fair price,
519,The customer service was wonderful,Good customer service,
520,"Fast, effecient, and clean",Good customer service,Fast/Quick/Speedy/Timely
521,Mitchell is excellent in his role as the manager at the Western Blvd location in Raleigh NC,Professional,
522,The customer service was excellent and it always is when i visit this particular location,Good customer service,
523,"Free coffee, clean waiting area, nice mechanic, and speedy service",Other,Fast/Quick/Speedy/Timely
524,Customer service,Good customer service,
525,"Friendly staff, very accommodating and extremely helpful all around",Friendly,
526,The gentlemen are very attentive & curteus from the moment the customer arrives,Good customer service,
527,I was impressed with the speed of and courtesy rendered at my most recent service stop,Fast/Quick/Speedy/Timely,Courtesy
528,Jose is an excellent manager!,Professional,
529,It was done right,Good customer service,
530,Explained everything in detail to me,Knowledgeable employees,
531,Trust and knowledge,Trustworthy,Knowledgeable employees
532,Clear explanations of work being done and associated costs,Trustworthy,Cost
533,It was great,Good customer service,
534,Good service,Good customer service,
535,The service was nice,Good customer service,
536,Been going here for years ,Trustworthy,
537,Good people,Good customer service,
538,Went on a busy day and they seemed to be more interested in getting customers out the door than up selling  services,Good customer service,
539,"Very professional , they vacuumed my car and checked,double checked all fluids",Professional,
540,"Fast, friendly, and repectable staff",Friendly,
541,i try to get work done by family or friends because I can't afford much,Friendly,
542,"Unless it's a warranty issue, I would return to Jiffy Lube for maintenance",Other,
543,"The guys are great, keep track of my past service records and are very friendly and helpful - been going to the same one for over 20 years!",Friendly,
544,The prompt service I received when I had the oil changed,Fast/Quick/Speedy/Timely,
545,Years of good service at this store,Good customer service,
546,"Quick, reliable, great customer service",Fast/Quick/Speedy/Timely,Good customer service
547,The jiffy team is professional,Professional,
548,The team is very officiant and friendly,Friendly,
549,"Nice people, quick service",Fast/Quick/Speedy/Timely,Friendly
550,I like that I was there for only 30 minutes,Fast/Quick/Speedy/Timely,
551,Yes the gentlemen who waited on me were very pleasant and had a wonderful smile last name was Boone,Courtesy,
552,Fast and reasonably priced,Fast/Quick/Speedy/Timely,Fair price
553,do to the nature of thier going out the made excellent Customer service to at least accommodate myself and 2 other customer's,Good customer service,
554,I appreciate the attention that I got and the communication of the staff,Courtesy,Professional
555,Clean,Other,
556,The customer service was great and there was no wait,Good customer service,
557,Previous experience,Good customer service,
558,"Quick, efficient service - very polite",Fast/Quick/Speedy/Timely,
559,Pricing,Fair price,
560,Good service and reasonable prices,Good customer service,Fair price
561,I've been coming there for a while,Other,
562,Fast and convenient to work,Fast/Quick/Speedy/Timely,Convenient
563,Friendly and courteous,Friendly,Courtesy
564,"Quick, competent service",Fast/Quick/Speedy/Timely,
565,Just great and friendly service,Friendly,
566,Everyone was very attentive to my requirements,Professional,
567,Good service,Good customer service,
568,7 minute oil change,Fast/Quick/Speedy/Timely,
569,Good service,Good customer service,
570,The workers are very friendly and very plight,Friendly,
571,Super fast oil change,Fast/Quick/Speedy/Timely,
572,"Customer service was excellent, courteous, and professional",Good customer service,Courtesy
573,I've been going to Jiffy lube for decades,Good customer service,
574,Pretty fast turn around time,Fast/Quick/Speedy/Timely,
575,"I WILL return, is that a better answer?",Good customer service,
576,Professional and quick service,Professional,Fast/Quick/Speedy/Timely
577,Great attitude,Courtesy,
578,Everyone was very polite and service was quick,Good customer service,Fast/Quick/Speedy/Timely
579,Quick service!,Fast/Quick/Speedy/Timely,
580,Nice people,Friendly,
581,"They was Very Knowledgeable,Patient and VERY PROFESSIONAL",Knowledgeable employees,Professional
582,Friendly people and knowledgable workers,Friendly,
583,"Fast, convenient location, good price, good service",Close to home,Convenient
584,The Jiffy Lube I go to always has the most friendly staff and they do a great job,Friendly,
585,Quick and friendly service,Fast/Quick/Speedy/Timely,Friendly
586,Thorough in checking fluids and other things,Knowledgeable employees,
587,Quick friendly service,Fast/Quick/Speedy/Timely,Friendly
588,The Woodbridge store generally does a good job and quickly,Good customer service,Fast/Quick/Speedy/Timely
589,They were polite and quick,Courtesy,Fast/Quick/Speedy/Timely
590,"Fast, friendly service",Friendly,
591,The service was outstanding,Good customer service,
592,"staff always well knowledgeable,and accurate when quoting a time when car is ready",Fair price,Knowledgeable employees
593,The speedy service and how nice they treated me,Fast/Quick/Speedy/Timely,
594,Service was prompt and employees were friendly,Friendly,
595,"Cost, part availability and mechanics availability to specialty tools",Cost,
596,Loved the honesty amd being forthcoming by techs and management,Trustworthy,Knowledgeable employees
597,I frequently use Jiffy Lube and I am always satisfied with the courteous and efficient technicians,Courtesy,
598,Customer service,Good customer service,
599,Customer service was very good,Good customer service,
600,"I was impressed with the speedy, efficient, and friendly service I received",Fast/Quick/Speedy/Timely,Friendly
601,great customer service and prices,Good customer service,Fair price
602,Service time and convence was great,Convenient,Fast/Quick/Speedy/Timely
603,Good quality quick service at a reasonable price by a friendly car service specialist,Good customer service,Fast/Quick/Speedy/Timely
604,Audrey and her team were fast and very efficient,Fast/Quick/Speedy/Timely,
605,"Efficient, friendly service",Friendly,
606,Finished in a timely fashion,Fast/Quick/Speedy/Timely,
607,Good service quickly,Good customer service,Fast/Quick/Speedy/Timely
608,The team is the most reliable and shares their records of all my service calls,Professional,Trustworthy
609,"Great Service, excellent manager",Good customer service,Professional
610,I feel the staff is educated and honest,Trustworthy,Knowledgeable employees
611,Very friendly and my car was completed quickly,Friendly,Fast/Quick/Speedy/Timely
612,Prices people promptness,Fair price,
613,"Because the staff was very professional, friendly, and fast",Fast/Quick/Speedy/Timely,Friendly
614,Great Service and Customer Service,Good customer service,
615,This store has treated me great,Good customer service,
616,The speed and care with which the oil change was completed is the best,Fast/Quick/Speedy/Timely,
617,Price,Fair price,
618,Yes,Other,
619,Fast and efficient,Fast/Quick/Speedy/Timely,
620,Patrick was very thorough with every detail,Knowledgeable employees,
621,Convenience,Convenient,
622,The man who told me everything that I needed didn't push me to get certain things,Professional,Knowledgeable employees
623,Trustworthiness of staff; affordable,Trustworthy,
624,The staff was courteous and fast,Courtesy,
625,"The Staff at the Wall Jiffy Lube are u failing my polite, courteous, professional and efficient",Courtesy,Good customer service
626,Every person I interacted with was friendly and they didn't upon try to add on any extras,Friendly,
627,Quick easy professional,Fast/Quick/Speedy/Timely,Professional
628,thorough  professional  straight forward,Professional,
629,"I have been going to jiffy lube for about 10 years and have always been very satisfied with the service, they are very professional thorough",Professional,
630,Staff,Professional,
631,Service and workers,Good customer service,
632,Great experience,Good customer service,
633,Everyone was curious from when I pulled up until I left,Good customer service,
634,Quick,Fast/Quick/Speedy/Timely,
635,Service,Good customer service,
636,Quick service,Fast/Quick/Speedy/Timely,
637,Easy to get to around work,Convenient,
638,Everyone was very professional and knew what they were doing,Professional,
639,Price,Fair price,
640,Great very friendly,Friendly,
641,In and out very quickly,Fast/Quick/Speedy/Timely,
642,Nice employees,Professional,
643,"Customer service and prompt, quality workmanship",Good customer service,
644,I look for the most competitive price,Fair price,
645,"I liked that they told me that next time I take my car in for a repair, I should ask for a 4-wheel alignment, and then explained why they said that, and what would happen if I did nothing",Knowledgeable employees,
646,convenience,Convenient,
647,Fast courteous service,Courtesy,Fast/Quick/Speedy/Timely
648,guys seemed trustworthy,Trustworthy,
649,Good friendly service,Friendly,
650,Fast service always at this location,Fast/Quick/Speedy/Timely,
651,The customer service I received from the district manager,Good customer service,
652,"Good experience, staff was very professional and I was in and out in a timely matter",Good customer service,Professional
653,It was quick,Fast/Quick/Speedy/Timely,
654,Speedy service,Fast/Quick/Speedy/Timely,
655,Sam (cashier) gave excellent service,Good customer service,
656,Notice new additional services are now available besides just oil change,Other,
657,Polite service and efficient well done work,Courtesy,Good customer service
658,The staff is so friendly & honest,Friendly,
659,"Very professional, courteous, right on time, explained everything that needed to be done to the car",Professional,Courtesy
660,"The guys were prompt, attentive and respectful",Good customer service,Fast/Quick/Speedy/Timely
661,Just overall friendliness of the staff,Friendly,
662,The staff was professional and efficient,Professional,
663,All involved were tuned into their jobs !!,Good customer service,
664,Not sure I trust them with full maintenance needs,Trustworthy,
665,Easy and friendly service,Friendly,
666,Fast service,Fast/Quick/Speedy/Timely,
667,Solid and good experience from being greeted to check out,Good customer service,
668,Awesome service & friendly staff,Friendly,
669,Convenience,Convenient,
670,Guys were great and kept me up to date regarding time,Knowledgeable employees,
671,The manager was very detailed while explaining the options without being to pushy,Professional,Knowledgeable employees
672,"Fast service,no appointment req'd",Fast/Quick/Speedy/Timely,
673,Only because I have a regular service station I use but didn't have the time yesterday,Fast/Quick/Speedy/Timely,
674,You had very good employees with service in mind and a pleasant attitude,Courtesy,Good customer service
675,Quality Service and Techs!!,Knowledgeable employees,
676,The service was so quick and I loved that I was in and out in just under half an hour,Fast/Quick/Speedy/Timely,
677,Great service and fast,Good customer service,Fast/Quick/Speedy/Timely
678,Politeness and speed of work done by employees is exceptional,Fast/Quick/Speedy/Timely,
679,Everyone was amazing red carpet treatment,Good customer service,
680,People are efficient and professional,Good customer service,Professional
681,if I'm in the area and remember to get fluids topped off,Convenient,
682,Friendly helpful staff,Friendly,
683,"very friendly, quick and affordable",Friendly,Fast/Quick/Speedy/Timely
684,Speed and ease of service,Fast/Quick/Speedy/Timely,
685,Nice people and decent service,Good customer service,
686,"the staff was extremely respectful, professional ",Courtesy,Professional
687,Quick and efficient,Fast/Quick/Speedy/Timely,
688,Above and beyond service,Good customer service,
689,Swift and competent,Good customer service,Fast/Quick/Speedy/Timely
690,The Service Was Decent And Pretty quick,Good customer service,Fast/Quick/Speedy/Timely
691,Its close and the staff was courteous and experienced,Close to home,Courtesy
692,"Very curtious, good work, fair price",Courtesy,Good customer service
693,Workers were very helpful and willing to answer any questions I had,Knowledgeable employees,
694,I always use jiffy lube,Good customer service,
695,They did a nice job and a timely manner,Good customer service,Fast/Quick/Speedy/Timely
696,Good service,Good customer service,
697,Snappy fast service,Fast/Quick/Speedy/Timely,
698,For the most part the service is relatively fast and easy to get oil change,Fast/Quick/Speedy/Timely,
699,Employees were very polite I got a very good service,Courtesy,Good customer service
700,Price,Fair price,
701,"Fast and convenient, friendly customer service",Fast/Quick/Speedy/Timely,Convenient
702,We have all our work and personal vehicles done there,Good customer service,
703,Excellent service,Good customer service,
704,I always go to Jiffy Lube,Other,
705,I had an issue with my A/C and they looked into it for me and told me why my check engine light was on,Knowledgeable employees,
706,"Convenient,fast, they did a good job",Convenient,
707,The staff was excellent and I was greeted immediately upon pulling into the parking lot,Courtesy,
708,"I've gone to this place multiple times, and they're always friendly and fast",Friendly,
709,Convenience,Convenient,
710,Quick service,Fast/Quick/Speedy/Timely,
711,Fast & cheap with coupons,Fast/Quick/Speedy/Timely,Discounts/Coupons
712,Jiffy Lube has been doing the majority of my maintenance in the past,Good customer service,
713,Awesome team,Professional,
714,customer service rep was helpful and accommodating---quick service as well!,Good customer service,Fast/Quick/Speedy/Timely
715,Cool doodz,Friendly,
716,Excellent service and professionalism,Good customer service,Professional
717,Very efficient,Good customer service,
718,No waiting,Fast/Quick/Speedy/Timely,
719,Quality mechanics for the job done,Knowledgeable employees,
720,Great service,Good customer service,
721,I always have a wonderful experience at this Jiffy Lube,Good customer service,
722,I perform routine maintenance beyond oil changes,Other,
723,Professional great customer setvice,Professional,Good customer service
