,review,review header,sentiments,sentiment label
0,I checked some stuff that they said they checked and they said full but not full like liquid for radiator like liquid for windshield like they made all the motor dirt they spoiled oil everywhere they did not clean it when they was changing oil for me the problem that I'm member with jiffylube ,Poor customer service,-0.948,Very Negative
1,I paid for a tire rotation that was NOT done properly!! I scuffed my rim w/ red paint and it was on the same rim prior to the visit,Tire rotation service issue,0.0,Neutral
2,It cost $61 for a filter and oil change which was approximately $20 more than our previous visit,Price too high,0.0,Neutral
3,Before I went to get my oil change my car was running fine but on the way home my car started acting weird and like it wanted to die,Interior/Exterior car damage,-0.5789,Very Negative
4,They over charge,Price too high,0.0,Neutral
5,Waiting room was NOT air conditioned in 90+ degree heat,Customer lounge atmosphere,0.0,Neutral
6,"During the tire rotation process, the maintenance person had me look at my brake pads and rotars on both the front and the back",Poor customer service,0.0,Neutral
7,"When I arrived at the Jiffy Lube on Midlothian Turnpike (Richmond VA), the technicians immediately told me that my car was lacking an air filter",Overselling-Pressure to buy,0.0,Neutral
8,"Service tech offered air filter at $10, still charged me $35",Price too high,-0.2023,Negative
9,Didn't change oil like suppose to,Poor customer service,-0.2755,Negative
10,Person filling crankcase with oil spilled the oil from the spout all over the engine block several times,Poor customer service,-0.4404,Negative
11,I had bought a groupon and it disclosed that I may have to pay additional money for more the 5qts of oil for my car,Overselling-Pressure to buy,-0.1027,Negative
12,Too expensive for just an oil change,Price too high,0.0,Neutral
13,Would not accept coupon that was not expired and didn't specify location of coupon,Discount/coupon issue,-0.2924,Negative
14,"I have a trusted garage that I usually visit, they were not open the day I needed my oil changed",Competition-prefer local mechanic,0.4767,Positive
15,You guys almost caught my car on fire,Interior/Exterior car damage,-0.34,Negative
16,Deception,Untrustworthy\Mistrust,-0.4404,Negative
17,Upon arrival I was quoted 30 minutes for a brake pad change-out (front only),Service took too long,0.0,Neutral
18,Did not have part,Item out of stock,0.0,Neutral
19,I received a coupon from jiffy lube via email and the manager would not accept it,Discount/coupon issue,-0.2924,Negative
20,Service people destroyed several things on my car the last time I was there,Interior/Exterior car damage,-0.4939,Negative
21,It was a random stop and the experience was nothing like the experience i had at another location in New Jersey,Poor customer service,-0.5122,Very Negative
22,Very poor service,Poor customer service,-0.5256,Very Negative
23,"I was asked to purchase a number of due maintainence services to which I declined, except a fuel injector cleaner",Overselling-Pressure to buy,0.25,Positive
24,Too expensive - I could have gotten two oil changes for what I paid at Midas,Price too high,0.0,Neutral
25,It took an hour to change my oil and the shop wasn't even very busy,Service took too long,0.0,Neutral
26,"I had a scratch on my right side passenger door I know it  wasn't there when I left my house because I was going out of town, and I put my bags in my car and I would have saw when I went home and came back to my car to go out of town that's when I saw the scratch",Interior/Exterior car damage,0.0,Neutral
27,WAY overpriced,Price too high,0.0,Neutral
28,Basically they told me a price for the air filter change and then when I went to pay the told me it was $15 bucks more,Overcharged - charged more than was agreed on,-0.1027,Negative
29,I got a battery replaced here and left with my entire car shaking,Interior/Exterior car damage,-0.1779,Negative
30,There was no other car in the shop but mine and 4 guys managed to mess up my oil change,Poor customer service,-0.5927,Very Negative
31,Pricing,Price too high,0.0,Neutral
32,Bolt holding oil pan stripped previous visit $314,Interior/Exterior car damage,0.0,Neutral
33,The men working on my car did not install my headlights correctly,Poor customer service,0.0,Neutral
34,Changing your prices from 40$ for an oil change to 75$ is a complete rip off,Price too high,0.0,Neutral
35,I was not satisfied with customer service I truly believe there was no oil change in my car I was told there was a powers steering leak but yet I'm very low in engine oil which makes me believe my oil was not changed but I was charged,Oil or filter not actually replaced,-0.7435,Very Negative
36,After 6 days of driving  I had to get another oil change after the light in my vehicle indicated that my oil needed to be changed,Oil or filter not actually replaced,0.0,Neutral
37,I feel I was duped into buying oil that I had never used and did not want,Overselling-Pressure to buy,-0.4628,Negative
38,They did the oil change wrong and oil leaked all in my engine no one called back,Interior/Exterior car damage,-0.765,Very Negative
39,"When I returned straight home, went back out to my card had a very flat tire, I took the tore off took it to Firestone they said the value stem had been loosen",Overselling-Pressure to buy,0.5106,Very Positive
40,Not that great,Other issues,-0.5096,Very Negative
41,The employees in the service side didn't do what was said on the analysis sheet,Misinformation about car/service needs given to customer,0.0,Neutral
42,"After my radiator was replaced, my car was driving differently",Interior/Exterior car damage,0.0,Neutral
43,Staff manager was on lunch break,Service took too long,0.0,Neutral
44,I was displeased with the service I received I was in the shop for an hour just for a oil change and I was the only vehicle  there the technician indicated that they didn't have the necessary tools to take the oil filter off and I had to wait for it to be delivered,Service took too long,-0.4404,Negative
45,The price,Price too high,0.0,Neutral
46,Window cleaning only half done,Poor customer service,0.0,Neutral
47,Did not get good service,Poor customer service,-0.3412,Negative
48,Rude inexperienced crew,Unprofessional employees,-0.4588,Negative
49,When I got home my car was leaking oil and a gasket had been broken on the old change,Interior/Exterior car damage,-0.4767,Negative
50,Expensive,Price too high,0.0,Neutral
51,Way too expensive!,Price too high,0.0,Neutral
52,The on board computer systems were not updated to reflect an oil change happened,Poor customer service,0.0,Neutral
53,The service team got my vehicle and another vehicle mixed up,Poor customer service,0.0,Neutral
54,I was treated horribly,Poor customer service,-0.5267,Very Negative
55,Was forced into hugging one of the mechanics,Poor customer service,-0.0516,Negative
56,My tires were not inflated to the proper pressure,Poor customer service,-0.296,Negative
57,Employees were unkept and rude,Unprofessional employees,-0.4588,Negative
58,I have used various JL's over 3 decades and this may ne the last time I do,Other issues,0.0,Neutral
59,"The prices are higher here than the jiffy lube in Albany, NY",Price too high,0.0,Neutral
60,Teach the people who to check tire pressure and how to tighten the oil plug lol,Employees not knowledgeable,0.1531,Positive
61,I went there for an inspection and i failed because supposedly my struts were loose and a lug nut couldnt be taken off,Interior/Exterior car damage,-0.6808,Very Negative
62,was there for over an hour,Service took too long,0.0,Neutral
63,They added services without my consent! Period!,Didn't get customer prior approval to authorize work/expense,-0.3071,Negative
64,"During service, the tech broke the air inlet from the air filter to the throttle body and didn't tell me",Interior/Exterior car damage,-0.4215,Negative
65,They charged for items after the fact,Didn't get customer prior approval to authorize work/expense,-0.2023,Negative
66,Service was slow,Service took too long,0.0,Neutral
67,Staff was unprofessional,Unprofessional employees,-0.5106,Very Negative
68,I was told that several of my fluids were low but I told the people I would take care of them,Overselling-Pressure to buy,0.5789,Very Positive
69,I'm not sure what they did on my car!,Interior/Exterior car damage,-0.308,Negative
70,The staff upcharges,Price too high,0.0,Neutral
71,"Because I can go to walmart to get my oil changed, and all other fluids topped off for less than a Jiffy Lube oil change",Price too high,0.0,Neutral
72,It was my 1st time at this location and they didn't top off or add any fluids,"Fluids not topped off (ie engine coolant, washer fluid)",-0.1511,Negative
73,Too expensive,Price too high,0.0,Neutral
74,Tire light was on when I arrived and was still on when I left,Poor customer service,0.0,Neutral
75,Employees are extremely pushy about performing service that you are not there to get done,Overselling-Pressure to buy,-0.3384,Negative
76,Cost,Price too high,0.0,Neutral
77,"I do not trust the ""salesman"" named Sebastian",Untrustworthy\Mistrust,-0.4023,Negative
78,A service tech broke my oil dipstick and didn't even say anything about it,Interior/Exterior car damage,-0.4215,Negative
79,They were extremely slow - took nearly an hour for an oil change,Service took too long,0.0,Neutral
80,I am a single mother and I can not afford 70 for a oil change,Price too high,0.0,Neutral
81,They don't have a device to reset the oil light on my VW,Item out of stock,0.0,Neutral
82,"The ""protective fender mats"" were covered in oil and covered both front fenders and hood with oil",Poor customer service,0.0,Neutral
83,Price too expensive,Price too high,0.0,Neutral
84,I went to get a oil change and transmission service it should of cost 110 then I was told it would be slightly more expensive and at the end I found out it was 220 to do it,Overcharged - charged more than was agreed on,0.0,Neutral
85,The cost was almost $100 for an oil change,Price too high,0.0,Neutral
86,They didn't do half of what was on the recipe,Poor customer service,0.0,Neutral
87,It's too expencive,Price too high,0.0,Neutral
88,caused my oil get more leak,Interior/Exterior car damage,-0.4005,Negative
89,Manager at the location I went to was a total Jerk,Unprofessional employees,-0.34,Negative
90,When I was cashing out the technician said they could not accept my Jiffy Lube Car Care One credit card,Discount/coupon issue,0.5597,Very Positive
91,I had cash and my USB cord that hooks from my iPhone to my car stolen,Item missing/stolen,-0.4939,Negative
92,"I was from out of state, needed an oil change, went to Jiffy Lube and was charged $91 for oil change",Price too high,-0.2023,Negative
93,One of the mechanics cut their finger in my car and left blood on a shopping bag I had inside my car,Poor customer service,-0.2732,Negative
94,Total disregard for my time,Service took too long,-0.2732,Negative
95,I asked them to refill my windshield washer fluid and they said they did but it was empty when I checked later that day,"Fluids not topped off (ie engine coolant, washer fluid)",-0.296,Negative
96,"The oil change is to much, I can take it some were else",Price too high,0.0,Neutral
97,Prices,Price too high,0.0,Neutral
98,"It took an hour and a half for an oil change, tire rotation, and inspection",Service took too long,0.0,Neutral
99,"Well yesterday, cars that were in the back of me got pushed in front of me",Later-arriving customers served ahead of me,0.2732,Positive
100,The cost of the service is completely ridiculous,Price too high,-0.4201,Negative
101,The Bedford location has been getting a little aggressive with their upsale tactics,Overselling-Pressure to buy,-0.079,Negative
102,"The man in the reception, I think his name is David, was rude disrespectful & condescending",Unprofessional employees,-0.4588,Negative
103,Mechanic continue to up-sale on unnecessary vehicle needs,Overselling-Pressure to buy,0.0,Neutral
104,Customer service was awful asking questions about my car no one had answers,Poor customer service,-0.6369,Very Negative
105,$96.00 for an oil change,Price too high,0.0,Neutral
106,"I paid for the signature change that includes a tire rotation, car vacuum and exterior window cleaning and none of those were done",Other issues,0.0,Neutral
107,Waiting for parts from a parts store,Item out of stock,0.0,Neutral
108,Misled by a coupon,Discount/coupon issue,0.0,Neutral
109,Over priced for very little necessary work,Price too high,0.0,Neutral
110,The services that are included in oil change price were not performed,Doubt,0.0,Neutral
111,The customer service was very poor,Poor customer service,-0.5256,Very Negative
112,Took forever even though when I arrived there was no one else there,Service took too long,-0.296,Negative
113,I don't believe in adding things to a bill that is not requested,Didn't get customer prior approval to authorize work/expense,0.0,Neutral
114,My experience started off with me coming in and using my coupon that was emailed to me for $15 off signature oil change and was told that was only for synthetic and could only get $10 for motor oil which the coupon seemed to have said it covered,Discount/coupon issue,0.0,Neutral
115,Led to believe car needed synthetic oil when it only requires conventional,Overselling-Pressure to buy,0.0,Neutral
116,Untrustworthy,Untrustworthy\Mistrust,0.0,Neutral
117,They tried to sell me services I didn't need,Overselling-Pressure to buy,0.0,Neutral
118,"The fact that we have been a customer for many years, on the last visit I was not asked about anything that needed to be done on the vehicle and then they simply checked off declined for vacuuming and washing the windows",Poor customer service,0.0,Neutral
119,Had some coins stolen out of the dash during my vehicle inspection,Item missing/stolen,-0.4939,Negative
120,The service man behaved in an arrogant manner never answered my questions clearly,Unprofessional employees,-0.128,Negative
121,Everything was a little disorganized,Other issues,-0.228,Negative
122,The store is very understaffed,Other service issues,0.0,Neutral
123,Tried to sell me a battery I don't need,Overselling-Pressure to buy,0.0,Neutral
124,"When I got in my car to leave after I had paid for my service, my glove box was open and hanging down and all my papers were on the seat",Interior/Exterior car damage,-0.0516,Negative
125,I was told that they used synthetic oil in my car the last time I was there so they would need to continue to use synthetic oil,Incorrect oil type used,0.0,Neutral
126,Told me 15-20 minutes to flush my brake fluid when I arrived at 5pm,Service took too long,0.0,Neutral
127,My car was pulled out of the bay for approximately 15 minutes before anyone approached to share what was happening,Service took too long,0.296,Positive
128,One of the lug nuts which was perfectly fine before bringing the car in for service was noted as seized after the service was done,Interior/Exterior car damage,0.5719,Very Positive
129,They let the guy underneath changing the oil walk up the stairs and drive the vehicle out covered in oil,Other issues,0.0,Neutral
130,They tried to bamboozle me on the service on my car,Overselling-Pressure to buy,-0.3612,Negative
131,Bought a Groupon for signature service change and got the basic service,Discount/coupon issue,0.0,Neutral
132,Pushy on sales all I need was an oil change,Overselling-Pressure to buy,-0.2732,Negative
133,The price is too high,Price too high,0.0,Neutral
134,I waited 2 hours to get service! I have never waited this long for an oil change even in the busy afternoon,Service took too long,0.0,Neutral
135,The mechanic damaged my car by not reattaching the skid plate,Interior/Exterior car damage,-0.4404,Negative
136,Third time your workers tried to cheat me in a row,Untrustworthy\Mistrust,-0.4588,Negative
137,Had a bad experience with the manager on duty regarding getting over charged,Overcharged - charged more than was agreed on,-0.6486,Very Negative
138,A spring popped out of the bypass when they removed my oil filter and now I have to pay to have that replaced,Interior/Exterior car damage,-0.1027,Negative
139,Cost of a synthetic oil change was almost 3 times the dealer's cost,Price too high,0.0,Neutral
140,they are clueless mechanics,Employees not knowledgeable,-0.3612,Negative
141,You tried to get me to have a number of services done to my vehicle which were not needed,Overselling-Pressure to buy,0.0772,Positive
142,Had a groupon and it was refused,Discount/coupon issue,-0.296,Negative
143,I had an oil change and the oil filter was not included,Oil filter issue,0.0,Neutral
144,They broke stuff on my truck and would not do anything to fix,Interior/Exterior car damage,-0.4215,Negative
145,I was quoted $89,Price too high,0.0,Neutral
146,Los Alamitos location needs HELP!,Other issues,0.5754,Very Positive
147,Very rude staff through every step of the process,Unprofessional employees,-0.5095,Very Negative
148,The people there were very rude and unprofessional,Unprofessional employees,-0.7818,Very Negative
149,"I issued a complaint via the online form but there was a complete disregard of my requests, they reset the mileage counter for services not received and vandalized my car",Untrustworthy\Mistrust,-0.5023,Very Negative
150,Hour and a half wait with job completion took almost 4 hours,Service took too long,0.0,Neutral
151,IService people were in a hurry to get out of my car but then too busy to wait on me,Poor customer service,0.0,Neutral
152,Incompetence of employees,Employees not knowledgeable,-0.5106,Very Negative
153,Was lied to about the plug to my oil pan,Misinformation about car/service needs given to customer,-0.3818,Negative
154,"When I got my vehicle inspection, the tech failed to report to state, etc",Employees not knowledgeable,-0.5106,Very Negative
155,Low tire pressure after an oil change,Other issues,-0.5106,Very Negative
156,An access panel was opened and the bolts were not put in afterwards,Other issues,0.0,Neutral
157,There have been two incidents involving my neighborhood jiffy lube,Other issues,0.0,Neutral
158,Price,Price too high,0.0,Neutral
159,Arrived & told 20min wait,Service took too long,0.0,Neutral
160,The employee who drove my car into the bay brought his OPEN coffee cup with him into my car,Unprofessional employees,0.0,Neutral
161,I will not return because the service was not worth the amount I paid for my oil change,Price too high,-0.1695,Negative
162,"The 5'8"" black bearded ""manager"" who said that he gets paid to up sell customers on other services",Overselling-Pressure to buy,0.0,Neutral
163,"I had 2 coupons for Jiffy Lube with NO exclusions on them in the fine print, and my local (Draper, UT) Jiffy Lube refused them saying they were for ""other regions""",Discount/coupon issue,-0.516,Very Negative
164,"Not economical, compared with competitors on Groupon",Competition-prefer other car care chain,0.0,Neutral
165,Only one car in front of me getting an oil change and the entire process took over 90 minutes,Service took too long,0.0,Neutral
166,Large amount of oil spilled on my driveway,Interior/Exterior car damage,0.0,Neutral
167,The techs were not attentive to which car needed what,Employees not knowledgeable,0.0,Neutral
168,Have found much better pricing elsewhere since,Competition-prefer other car care chain,0.4404,Positive
169,The man that was in charge of my payment and information about my car was so abrasive,Unprofessional employees,0.0,Neutral
170,"Your prices for an oil change are high, the only reason i used jiffy lube this time was because it was close and I figured it would not matter if i took it to Jiffy Lube rather than the other place i take it",Price too high,-0.0191,Negative
171,This was one of the worst experiences with my car I've ever had,Poor customer service,-0.6249,Very Negative
172,I usually get my oil changed for a decent price every time I go to Jiffy lube but for some reason I went in this time and they over priced it like crazy and when I asked him why so high he said they are different from other jiffy lubes and I have been to that location before and it was never high like that,Price too high,0.5267,Very Positive
173,Your technicians are pushy and wanted to go through our insurance to do a repair on our windshield that they had already repaired the last time we went there,Overselling-Pressure to buy,-0.2732,Negative
174,I prefer another mechanic,Competition-prefer local mechanic,0.0,Neutral
175,They left a pool of oil in my skid plate,Interior/Exterior car damage,0.0,Neutral
176,Did not credit me the $10 off,Discount/coupon issue,-0.2924,Negative
177,Price,Price too high,0.0,Neutral
178,"It took 45 minutes for my car's oil to be changed, even though there was no line in front of me",Service took too long,-0.296,Negative
179,I requested the cheapest oil change and still ended up paying $50,Price too high,0.0,Neutral
180,Oil was dripped on the side of the vehicle,Interior/Exterior car damage,0.0,Neutral
181,Paid for coolant to be filled and I left with it empty,"Fluids not topped off (ie engine coolant, washer fluid)",-0.2023,Negative
182,Expensive than the showroom service price,Price too high,0.0,Neutral
183,Prices are high,Price too high,0.0,Neutral
184,Price!!!!!  Last service at Chevy dealer was less and inc tire rotation,Price too high,0.0,Neutral
185,"My iPhone holder (attached) to my car vent, which held my iPhone and gave me directions to the Jiffy Lube, was missing when I left",Item missing/stolen,-0.296,Negative
186,"due to them using an oily rag to dry my windshield,  I had trouble removing the oil residue and I had to use dawn to remove the grease from my windshield",Other issues,-0.4019,Negative
187,Cost of service was too high,Price too high,0.0,Neutral
188,I have always had my cars serviced at Jiffy Lube and have had the best service but my last visit did not go well,Poor customer service,0.0974,Positive
189,I already know a good mechanic that I have been to before and trust,Competition-prefer local mechanic,0.7351,Very Positive
190,too expensive,Price too high,0.0,Neutral
191,Cost of service for oil change is too high  $96,Price too high,0.0,Neutral
192,Prices way too high for shitty service,Price too high,-0.5574,Very Negative
193,"I got an oil change and when I received my final paperwork it showed that my fluids were topped, Windows cleand, car vacuumed",Misinformation about car/service needs given to customer,0.0,Neutral
194,"Though the staff was very courteous, I  did not receive the signature service I was expecting",Poor customer service,0.5563,Very Positive
195,Don't live here and always go to my dealer ,Competition-prefer dealer,0.0,Neutral
196,Too expensive,Price too high,0.0,Neutral
197,We had to wait over 40 minutes to get serviced,Service took too long,0.0,Neutral
198,Employees standing around and talking while there is a line of cars waiting,Unprofessional employees,0.0,Neutral
199,I really don't like feeling like I'm constantly having additional services and products pushed on me,Overselling-Pressure to buy,-0.6609,Very Negative
200,I have a mechanic that specializes in the type of car I drive,Competition-prefer local mechanic,0.0,Neutral
201,I feel that I was being tricked in to overpaying for my oil change,Overcharged - charged more than was agreed on,-0.1531,Negative
202,It ended up costing me a lot of money,Price too high,0.0,Neutral
203,The cost was much higher than I have payed at other places,Price too high,0.0,Neutral
204,Overpriced compared to others in the area,Price too high,0.0,Neutral
205,"Had 4 power steering pumps installed, and none of them fixed my steering",Misinformation about car/service needs given to customer,0.0,Neutral
206,Too expensive!,Price too high,0.0,Neutral
207,They tried to overcharge me,Overcharged - charged more than was agreed on,0.0,Neutral
208,My wheel and key were full of dirty oil after the oil change,Interior/Exterior car damage,-0.4404,Negative
209,"was told needed wiper blades and didn't want them to get replaced ,they were just replaced and it started to rain as leaving and bolt fell out and had to go back in for them to fix  the bolt on the wiper blades",Wiper replacement issues,-0.0572,Negative
210,Take forever to be done,Service took too long,0.0,Neutral
211,Not replacing clamp and hose that was taken off,Other issues,0.0,Neutral
212,The worker there broke the inside handle on my driver's side door,Interior/Exterior car damage,-0.4215,Negative
213,I hate getting asked if I want an extra $500 worth of services when I came in for only an oil change,Overselling-Pressure to buy,-0.3612,Negative
214,The technician spilled a lot of old when removing my oil filter,Interior/Exterior car damage,0.0,Neutral
215,Oil changes are far too expensive there anymore,Price too high,0.0,Neutral
216,My what use to be a quick oil change has turned into a 35 minute oil change,Service took too long,0.0,Neutral
217,"First, it is always different people working there",Poor customer service,0.0,Neutral
218,"I feel I was over charged, and the charges on the invoice are to hard to understand",Price too high,-0.5106,Very Negative
219,Your prices are outrageous,Price too high,-0.4588,Negative
220,The tech that I wouldn't trust,Untrustworthy\Mistrust,-0.4023,Negative
221,On the high side on price for an oil change,Price too high,0.0,Neutral
222,They serviced someone else's car before mine,Later-arriving customers served ahead of me,0.0,Neutral
223,I asked for cheapest oil change and was told I needed this expensive oil which I had on idea,Misinformation about car/service needs given to customer,0.0,Neutral
224,95% positive that my car window was scratched,Interior/Exterior car damage,0.5574,Very Positive
225,"After taking my car to get the oil changed, something proceeded to fall off of my car as I was driving on the highway",Interior/Exterior car damage,0.0,Neutral
226,Asked for a basic oil change and was upgraded without asking me and was charged more for it,,-0.2023,Negative
227,Recommended and charged for services with over the top prices,Overcharged - charged more than was agreed on,0.2023,Positive
228,"Service rep offered my 2016 vehicle high mileage oil, made me feel like they weren't aware of what they were selling me",Overselling-Pressure to buy,0.3612,Positive
229,I asked for a tire rotation and they did not do one,Tire rotation service issue,0.0,Neutral
230,Oil filter installed improperly,Oil filter issue,0.0,Neutral
231,Too expensive,Price too high,0.0,Neutral
232,Too expensive,Price too high,0.0,Neutral
233,I had multiple additional charges for bringing my Volvo in for an oil change compared to when I previously brought in my Acura,Price too high,-0.2732,Negative
234,"I have been to many different places for an oil change but have never paid so much, even for synthetic oil",Price too high,0.0,Neutral
235,"They forgot to use my Groupon, told me to try to sell it to a coworker or come back in a few months for another oil change",Discount/coupon issue,0.0,Neutral
236,I asked for the cheapest oil change and he charged me $40 when they had a guy standing outside with a sign for $22,Overcharged - charged more than was agreed on,-0.2023,Negative
237,"After passing an employee holding a sign advertising a good price for an oil change, I was not asked what level of service I wanted when my information was taken",Poor customer service,0.4404,Positive
238,I felt as if I was overcharged,Overcharged - charged more than was agreed on,0.0,Neutral
239,I have a regular mechanic I take the car to whenever it needs routine maintenance,Competition-prefer local mechanic,0.0,Neutral
240,The price of the oil change is way too high,Price too high,0.0,Neutral
241,A lot of grease on outside of my driver door and on drivers seat and door interior,Interior/Exterior car damage,0.0,Neutral
242,"Price of synthetic oil doubled, What the Hell! Oil prices are down",Price too high,-0.7088,Very Negative
243,I had to bring my car right back after having an oil change due to my car smoking,Interior/Exterior car damage,0.0,Neutral
244,"Mostly cost, prices are extremely to high for a lube change",Price too high,0.0,Neutral
245,The female associate (Iracely I believe that was her name) was extremely rude,Unprofessional employees,-0.5095,Very Negative
246,They began service on my car then tried to charge me $75 for a routine oil change that at every other location cost less than $40,Price too high,0.0,Neutral
247,An employee was wearing marijuana socks with shorts so it was completely visible by other customers and myself,Unprofessional employees,0.0,Neutral
248,"Customer service was poor - the assistant manager who I was working with during the entire transaction was not friendly, did not speak clearly to me and was generally unhelpful as I was visiting this location for the first time and giving my business to a Jiffy Lube for the first time in 6 years",Unprofessional employees,-0.6794,Very Negative
249,There is a chronic problem with either striping the screws that hold on the undercarriage or losing the screw this has happened on three cars now,Interior/Exterior car damage,-0.7717,Very Negative
250,"For one, I was shocked at the price of the oil change",Price too high,-0.3182,Negative
251,Paid way too much for an oil change,Price too high,0.0,Neutral
252,Very poor service,Poor customer service,-0.5256,Very Negative
253,The quality of service at the Hillsboro location has fallen dramatically in the last couple of months,Poor customer service,-0.3612,Negative
254,To expensive for a oil change,Price too high,0.0,Neutral
255,I am upset that the $29.99 special has been discontinued,Discount/coupon issue,0.0258,Positive
256,Charged me $20.00 more than I have ever paid for the same oil change at the same place,Price too high,-0.2023,Negative
257,The woman that handled my information was very rude,Unprofessional employees,-0.5095,Very Negative
258,Customer service,Poor customer service,0.0,Neutral
259,They did not vacuum my floors like they said,Vacuuming not done propertly,0.3612,Positive
260,Cost - much more expensive than other places for an oil change,Price too high,0.0,Neutral
261,"No window washing, no vacuuming, and a simple oil change and air filter over one hundred dollars",Price too high,-0.5267,Very Negative
262,Your prices are outrageous,Price too high,-0.4588,Negative
263,Took almost 45 min,Service took too long,0.0,Neutral
264,I was in the lobby 36 minutes before anyone said anything to me,Service took too long,0.0258,Positive
265,"Had to wait at ""Not So Jiffy Lube"" 25 freaking minutes to get an oil change",Service took too long,-0.4215,Negative
266,The person that helped me had no idea what car I was even driving,Employees not knowledgeable,-0.296,Negative
267,They broke my light switch that control my head lights,Interior/Exterior car damage,-0.4215,Negative
268,$88 for an oil change? WHAT A JOKE!,Price too high,0.4981,Positive
269,I was very disappointed with the service,Poor customer service,-0.5256,Very Negative
270,"Prices were to high but we are leaving on vacation next week and didn't have time to look around for discounts, or specials!",Price too high,0.0,Neutral
271,"If you stop bringing the air filter to me and offer a new one, I'll consider",Overselling-Pressure to buy,-0.296,Negative
272,I felt it was a bit over priced for the services I received,Price too high,0.0,Neutral
273,$130.00 to change oil in sons car is bullshit and way to expensive,Price too high,-0.5859,Very Negative
274,The last time I was there they were not friendly and were very unprofessional ,Unprofessional employees,-0.7368,Very Negative
275,They tried to sell high perf oil air filter and cab filter for an extra $150,Overselling-Pressure to buy,0.0,Neutral
276,Well I flew in on a dragon and they said I couldn't bring a dragon in the store,Other issues,0.2732,Positive
277,"Technician told me that Subaru specified that my car should have the brake fluid replaced and the differential fluid changed, which would have cost me over $150",Price too high,0.0,Neutral
278,I was very happy with the service but the price for a conventional oil change even with  a $8 off coupon was almost double what I normally pay,Price too high,0.2255,Positive
279,They got oil all over my floor mats AGAIN,Interior/Exterior car damage,0.0,Neutral
280,The staff are really rude not helpful,Unprofessional employees,-0.7085,Very Negative
281,"Every time I go to a jiffy lube, the service gentleman would always give me a quote, before they touch your vehicle",Price too high,0.0,Neutral
282,It was WAY TOO EXPENSIVE,Price too high,0.0,Neutral
283,I felt like they were asking to do a lot of extra work on the carto increase their profit,Overselling-Pressure to buy,0.7717,Very Positive
284,The interactions I had with employees were not very friendly and their overall demeanor suggested a lack of interest in their job,Unprofessional employees,-0.2835,Negative
285,I was almost certainly overcharged,Overcharged - charged more than was agreed on,0.2748,Positive
286,My dealership gives me free oils changes and other maintenance checks,Competition-prefer dealer,0.5106,Very Positive
287,Price is way too high,Price too high,0.0,Neutral
288,Repeatedly have experienced things that make me question the training technicians receive,Employees not knowledgeable,0.0,Neutral
289,I just bought tires I kid said he could not get air in one of the tires cause the value stem was messed up I drove 4 miles blew out that tire !!!! That tire was 230 dollars !!!!! And I spent 350 dollars at jiffy lube,Price too high,0.0,Neutral
290,Sales people too aggressive,Overselling-Pressure to buy,-0.1531,Negative
291,"10 miles after leaving, my car stopped running",Other issues,-0.2263,Negative
292,The price for a truck is $30 more then the competition,Price too high,0.0,Neutral
293,Cost,Price too high,0.0,Neutral
294,I have to go well out of my way to find a Jiffy Lube and this last experience was more negative than positive,Poor customer service,0.2431,Positive
295,"I was told my light at my license plate was out and they would replace it for 12.00' I said yes, today while getting my yearly inspection that dealer told me the light was out also",Misinformation about car/service needs given to customer,0.4019,Positive
296,Slow very rude,Unprofessional employees,-0.5095,Very Negative
297,An oil change should not cost $215,Price too high,0.0,Neutral
298,The guy doing my inspection couldn't figure out where the lugnut key was on my vw,Employees not knowledgeable,0.0,Neutral
299,"My tire was not properly attached when I left, and I had driven away hearing loud noises along with intermittent shaking of my vehicle",Tire rotation service issue,-0.1779,Negative
300,Expensive,Price too high,0.0,Neutral
301,Too pushy sales!  Felt like I was being manipulated,Overselling-Pressure to buy,-0.3595,Negative
302,I paid for a full service oil change and did not receive full service,Misinformation about car/service needs given to customer,0.0,Neutral
303,Too expensive,Price too high,0.0,Neutral
304,1) Price was too high for quality of service,Price too high,0.0,Neutral
305,I was out of town and my oil change like came on,Oil service light not reset ,0.3612,Positive
306,I said full service about three things was not done,Misinformation about car/service needs given to customer,0.0,Neutral
307,It cost me $250 to get an oil change and tire rotation,Price too high,0.0,Neutral
308,I was not happy this last visit,Poor customer service,-0.4585,Negative
309,You guys broke my gas dip and made it seem like you didnt,Interior/Exterior car damage,-0.0772,Negative
310,It took way longer than it should have,Service took too long,0.0,Neutral
311,Despite the fact it appeared very slow and quiet it took forever to get my oil changed,Service took too long,0.0,Neutral
312,I didn't think i got a deal on my charges,Discount/coupon issue,-0.2732,Negative
313,When I asked what the cost was for the oil change he quoted me $34 for the signature oil change,Price too high,0.0,Neutral
314,Over priced!!!!!!!!,Price too high,0.0,Neutral
315,"They gave me a labor rate for the oil, and filters to be changed then charged me an additional 45",Price too high,-0.2023,Negative
316,the service was disappointing,Poor customer service,-0.4939,Negative
317,It's making the same noise i paid $200 to fix,Poor customer service,0.0,Neutral
318,They were trying to sell other services to me,Overselling-Pressure to buy,0.0,Neutral
319,I was told that the air filter and cabin air filter needed to be changed and I chose to wait until next time,Overselling-Pressure to buy,0.0,Neutral
320,"Sloppy rushed work, purchased a groupon for signature service, the employee game me some lame excuse why my tires didn't need to be rotated even though I put 10,000 miles on them since the last time they were rotated, car was not vaccumed, no rainx applied to windshield",Vacuuming not done propertly,-0.1561,Negative
321,It was suggested I replace the air filter,Air filter ,0.0,Neutral
322,Price is way too high,Price too high,0.0,Neutral
323,They forgot to close the hood and my 17 year old son almost died on the way home!!!!!!!,Other issues,-0.6678,Very Negative
324,The last two times I had my oil changed on my Nissan the SUV ran very bad after the oil change almost cutting off several times,Oil or filter not actually replaced,-0.6124,Very Negative
325,The staff at this location was young and inexperienced,Employees not knowledgeable,0.0,Neutral
326,My wishes were not heard,Poor Customer Service,0.1531,Positive
327,Tried to talk me into things I don't need,Overselling-Pressure to buy,0.0,Neutral
328,I had coupon that was mailed out to me and the gentleman that help tried to increase the price of the oil change and told me that my coupon was only good a certain percentage off,Overselling-Pressure to buy,0.8402,Very Positive
329,"I heard profanity including the ""f"" word referring to another customer who was just trying to get assistance",Unprofessional employees,0.0,Neutral
330,"Every time I go, the amount I am charged (for the identical service) is different",Overcharged - charged more than was agreed on,-0.2023,Negative
331,I fell for the coupon,Discount/coupon issue,0.0,Neutral
332,I got charged $50 to diagnose a heater hose that was spewing coolant,Overcharged - charged more than was agreed on,-0.2023,Negative
333,"After I was charged the full price of a brake & rotor replacement, I realized I had a groupon coupon to get 50% off",Discount/coupon issue,-0.2023,Negative
334,Advertised on street at $22,Price too high,0.0,Neutral
335,The staff was unprofessional,Unprofessional employees,-0.5106,Very Negative
336,"For the amount of the service, I should have gone to a dealership instead",Price too high,0.0,Neutral
337,Didn't like the customer service,Poor Customer Service,-0.2755,Negative
338,Everytime i go they are trying to sell me the same filter,Overselling-Pressure to buy,0.0,Neutral
339,Way too expensive,Price too high,0.0,Neutral
340,The technician told me my all wheel drive vehicle was front wheel drive only and did not check the rear end for fluids,"Fluids not topped off (ie engine coolant, washer fluid)",0.0,Neutral
341,They had an issue with the cap on my oil filter which resulted in it being broken when it was removed,Interior/Exterior car damage,-0.4767,Negative
342,I had a groupon coupon that I wanted to utilize the employee said that I could not use it because the store takes too long to receive their money,Service took too long,0.0,Neutral
343,"I did not notice, until after I left, that I was initially charged $43.96 for my oil change",Overcharged - charged more than was agreed on,-0.2023,Negative
344,TOTAL RIPOFF,Price too high,0.0,Neutral
345,"Tech did not reattach  air dam properly,  3 of the 4 fasteners came loose,  the air dam dragged,  was crumpled  and burned by the exhaust system",Interior/Exterior car damage,-0.5719,Very Negative
346,"The Signature Service Oil Change is too expensive for an oil change, the other items/checks offered during this service don't seem to be done with any degree of attention to detail",Price too high,0.0,Neutral
347,Employees behavior towards some of the customer,Unprofessional employees,0.0,Neutral
348,Trying too hard to perform services not requested,Overselling-Pressure to buy,-0.1027,Negative
349,Employees were  Unrespectful to the other employees and me (guest),Unprofessional employees,0.0,Neutral
350,The fact that my check engine light was on and no explanation as to why was given,Oil service light not reset ,-0.296,Negative
351,They leave tools under my hood,Unprofessional employees,-0.0516,Negative
352,They removed my air line to the engine to check the air filter,Interior/Exterior car damage,0.0,Neutral
353,The glove box was locked since I did not want the glove box tensioner to be touched,Interior/Exterior car damage,-0.4257,Negative
354,High cost,Price too high,0.0,Neutral
355,The person that waited on me was more worried about his wife then about my service brought her in the office with him and didn't explain any of the paper work with me,Misinformation about car/service needs given to customer,-0.3597,Negative
356,I let them replace the cabin air filter for 50 dollars,Price too high,0.0,Neutral
357,I was treated rudely from the time I got there,Unprofessional employees,-0.4939,Negative
358,They didn't put air in my tires although they checked off on the receipt that they did,Overcharged - charged more than was agreed on,0.0,Neutral
359,They ripped me off and made me pay double the groupon I had,Discount/coupon issue,-0.1027,Negative
360,I do not like up sell on every trip,Overselling-Pressure to buy,-0.2755,Negative
361,Didn't properly reinstall the air filter and cover,Interior/Exterior car damage,0.0,Neutral
362,Whomever washed my windows decided to use dirty black water on them and left my white vehicle a mess,Other service issues,-0.6597,Very Negative
363,Only came to Jiffy Lube because I couldn't get in to the dealership where I purchased the car and get free oil changes,Competition-prefer other car care chain,0.5106,Very Positive
364,Too expensive for a routine oil change,Price too high,0.0,Neutral
365,"Routine oil change took an hour, they did not vacuum out the car and when I left the car was making a strange noise but I didn't have time to return",Service took too long,-0.1027,Negative
366,they tried to get over on me making it seem as if i needed power steering and brake fluid when i didn't need either,Overselling-Pressure to buy,0.0,Neutral
367,Price was surprisingly higher than expected,Price too high,0.296,Positive
368,Horrible customer service!!!!,Poor Customer Service,-0.6876,Very Negative
369,You could not rotate my tires as your machine was the wrong type,Tire rotation service issue,-0.4767,Negative
370,I arrived at  jiffy Lube and all of the workers were standing around there was not another vehicle in the location,Unprofessional employees,0.0,Neutral
371,"Since my visit yesterday, my car has been running terribly, large muffler sounds, shaking and running very hard",Other service issues,-0.7178,Very Negative
372,"they were slow, unorganized, and the service was poor",Service took too long,-0.4767,Negative
373,Someone there helped themselves to some change I had in the ashtray of the van,Item missing/stolen,0.0,Neutral
374,They fucked my car up and now my car is having all these problems ,Other service issues,-0.7964,Very Negative
375,Ernie acting Manager RIPPED ME OFF,Unprofessional employees,0.0,Neutral
376,Cost,Price too high,0.0,Neutral
377,Prices are too high!,Price too high,0.0,Neutral
378,I do much of my own maintenance,Competition-prefer local mechanic,0.0,Neutral
379,Oil change was double what the dealer charges for the same service,Price too high,-0.2732,Negative
380,Price,Price too high,0.0,Neutral
381,"They didn't seem to care, we're really rude",Unprofessional employees,-0.7114,Very Negative
382,"Dishonest practices, constant up-sell",Overselling-Pressure to buy,-0.5719,Very Negative
383,the prices were way more than others,Price too high,0.0,Neutral
384,Had to sit for almost an hour and too expensive,Price too high,0.0,Neutral
385,Services are too expensive,Price too high,0.0,Neutral
386,I went to the location in Fontana and the guy that worked there gave horrible service and harassed me,Harrassment/discrimination ,-0.7906,Very Negative
387,Price was too high,Price too high,0.0,Neutral
388,The fact that the staff was rude and in a rush,Unprofessional employees,-0.4588,Negative
389,coupon didn't work and paid more than I wanted,Discount/coupon issue,0.0,Neutral
390,The person (michael g) who took care of my truck and checked me out was one of the rudest people I've ever met,Unprofessional employees,-0.0772,Negative
391,"I waiTed for over 30 minutes before I was given an estimate, then it took another 40 minutes for the work to be done",Service took too long,0.0,Neutral
392,I went to get an oil change and a flush and when I left the lot the exhaust was hanging on the floor,Interior/Exterior car damage,-0.296,Negative
393,My oil was filled twice (overfilled),Incorrect oil level/quantity,0.0,Neutral
394,"They didn't check radiator level, tire pressure, windshield fluid reservoir - I'm wondering if they even changed the oil filter or changed the oil??  I'll still go back to Jiffy lube- just not the one one 39th & Hawthorn, Portland, Oregon","Fluids not topped off (ie engine coolant, washer fluid)",-0.3736,Negative
395,I told the guy my old car was for sale and I didnt want to spend a cent more than necessary,Overselling-Pressure to buy,-0.0572,Negative
396,"I feel, that I was forced to buy products that I did not need in order to pass a vehicle inspection",Overselling-Pressure to buy,-0.4588,Negative
397,Oil leaking after oil change,Oil filter issue,0.0,Neutral
398,Cost of service is unacceptable,Price too high,-0.4588,Negative
399,Left the vehicle dirty inside with oil from their hands,Others,-0.4404,Negative
400,They broke the cap off because they said it would not twist off,Interior/Exterior car damage,-0.4215,Negative
401,I did not get the reminder sticker,Window sticker -service reminder not replaced,0.0,Neutral
402,My oil change was very expensive!! And I had a coupon,Price too high,0.0,Neutral
403,too much up selling,Overselling-Pressure to buy,0.0,Neutral
404,I came in for my last visit for an oil change and was told I should get my rear differentials taken care of as well,Overselling-Pressure to buy,0.6486,Very Positive
405,The oil filter was not appropriately configured after the service was performed,Oil filter issue,0.0,Neutral
406,The person that was working with me was not courteous,Unprofessional employees,-0.4023,Negative
407,"They talk ""over my head""",Unprofessional employees,0.0,Neutral
408,I was waiting 1 hour and 25 minutes for my oil change,Service took too long,0.0,Neutral
409,The guy I interacted with kept complaining about his job,Unprofessional employees,-0.2023,Negative
410,"The GENERAL MANAGER, Richard, spoke to me, admonishing me, like I was a child",Unprofessional employees,0.3612,Positive
411,Treated very poorly,Poor Customer Service,0.0,Neutral
412,They did not do the services that o paid for,Overcharged - charged more than was agreed on,0.0,Neutral
413,Too expensive,Price too high,0.0,Neutral
414,Price,Price too high,0.0,Neutral
415,My tire stem sensor is broken and was not prior to my service at jiffy lube,Interior/Exterior car damage,-0.4767,Negative
416,The tech mess up my automatic starter on my vehicle and I had to go to another to get the check oil light reset,Oil service light not reset ,-0.3612,Negative
417,I used to go to grease monkey but they made a mistake and then lied about it,Misinformation about car/service needs given to customer,-0.7579,Very Negative
418,The cost was a lot more than the previous visit,Price too high,0.0,Neutral
419,"Well, first of all when I walked into the Jiffy lube lounge, I walked up to the counter and the young man behind the counter didn't have a professional greeting or anything",Unprofessional employees,-0.0217,Negative
420,One of your cashier was very rude and he wanted to get rid of me fast,Unprofessional employees,-0.5095,Very Negative
421,i was charged the full price despite showing the coupon discount,Discount/coupon issue,-0.2023,Negative
422,"I am annoyed beyond belief with the Jiffy Lube I went to on Wickham Road in Melbourne, FL",Other issues,-0.3818,Negative
423,The sign on the window says oil changes for $24,Price too high,0.0,Neutral
424,"I went in for an oil change and they did a good job, but when I saw my receipt, it said they did things to my car that were in fact not done",Overcharged - charged more than was agreed on,0.2382,Positive
425,Prices are too high; $25 to rotate tires is crazy,Price too high,-0.34,Negative
426,"I had an oil change, and the next day, smoke was coming from my engine along with a terrible smell",Oil filter issue,-0.4767,Negative
427,Service was not done,Other service issues,0.0,Neutral
428,I have a regular mechanic that I use for my automotive needs,Competition-prefer local mechanic,0.0,Neutral
429,The Jiffy Lube I want did not  do what i had ask to be done and they over changed me and when i was almost home my check engine light come on,Overcharged - charged more than was agreed on,0.0772,Positive
430,they recommended a brake line flush and upon doing it they broke my brake caliper causing them to have to replace it and keep my car for a day and a half,Interior/Exterior car damage,-0.25,Negative
431,I paid for the Signature Service and the floors were not vacuumed,Vacuuming not done propertly,0.0,Neutral
432,They flushed and exchanged my coolant without even telling me I couldn've just had it topped off,Didn't get customer prior approval to authorize work/expense,0.0,Neutral
433,They charge me to much if i didnt have 15 dollar i would pay $65dollars for a oil change,Price too high,-0.1027,Negative
434,"The price of an oil change is rather high, higher that my dealer (50% higher)",Price too high,0.0,Neutral
435,"The oil change was fine however, there was a problem with the rear brakes",Brakes services,-0.2263,Negative
436,While they were filling the oil it looked as if the oil they were pouring into my engine wasn't the golden color oil that I am used to seeing from penzoil,Other issues,0.0,Neutral
437,I wanted the regular oil change advertised for 24.99 but the person made me go with the one for 48,Overselling-Pressure to buy,0.0,Neutral
438,Well I go to another shop,Competition-prefer local mechanic,0.2732,Positive
439,the service person did not seem adequately trained,Employess not knowledgable,0.0,Neutral
440,Prices,Price too high,0.0,Neutral
441,The oil change prices are EXPENSIVE! Relative to your competitors that provide the exact same services,Price too high,0.0,Neutral
442,The lady that checked me out was basically rude,Unprofessional employees,-0.4588,Negative
443,Flat out lied to me on a recent inspection,Misinformation about car/service needs given to customer,-0.3818,Negative
444,My husband usually does my oil changes,Competition-prefer local mechanic,0.0,Neutral
445,One guy told me the cost will be 45 with labor and when it was time to pay another guy said it was 90 and I told him the guy said 45 with labor and he didn't even bother to ask him,Overcharged - charged more than was agreed on,0.162,Positive
446,My wallet was stolen,Item missing/stolen,-0.4939,Negative
447,Random Bolt left lying under my hood,Other service issues,-0.5267,Very Negative
448,my skid plate was left loose and bolts were not tightened,Interior/Exterior car damage,-0.3182,Negative
449,When I arrived at my house there was oil dripping onto the garage floor,Oil filter issue,0.0,Neutral
450,I may return to the 4th Street Jiffy Lube but definitely not the one on Wyoming and Menaul,Other issues,0.5499,Very Positive
451,"Oil prices are too high, only selection my dodge Cummings was synthetic oil  $200",Price too high,0.0,Neutral
452,Techs lied to me about what my car required for fixing,Misinformation about car/service needs given to customer,-0.3818,Negative
453,I was told my car was vacuumed and the windshield cleaned however neither appeared to be truth,Overcharged - charged more than was agreed on,0.3182,Positive
454,"I was told 30-45 minutes when I first pulled in, the service took closer to 55-60 min",Service took too long,0.0,Neutral
455,I don't like the inaccurate information I receive from the unskilled people working there,Misinformation about car/service needs given to customer,-0.2755,Negative
456,"The morning after my oil change, the skip plate came loose while driving 65mph on the highway",Interior/Exterior car damage,-0.3182,Negative
457,Felt I was being cheated,Misinformation about car/service needs given to customer,-0.5106,Very Negative
458,It's just such a mess when I go there,Other service issues,-0.3612,Negative
459,"Couldnt rotate tires because there wasnt proper tools, windows were 'cleaned' but I had to go home to actually clean them since it looked like they were wiped with dirty rag",Tire rotation service issue,0.4497,Positive
460,"took longer than normal, staff was somewhat rude",Service took too long,-0.4033,Negative
461,You are overpriced for the product and service provided,Price too high,0.0,Neutral
462,$80 for an oil change is stupid,Price too high,-0.5267,Very Negative
463,The wait for a routine oil change with only a few other customers took over 2 hours,Service took too long,0.0,Neutral
464,My car has been making noise ever since I left Jiffy Lube,Other service issues,0.0,Neutral
465,My air filter was removed and then not put back properly,,0.0,Neutral
466,Poor customer service,Poor Customer Service,-0.4767,Negative
467,I got a really poor customer service,Poor Customer Service,-0.5256,Very Negative
468,"Quoted me one price, started the oil change and up' the amount by $30",Overcharged - charged more than was agreed on,0.0,Neutral
469,They broke a part in my car and then gave me the run around after an hour and a half,Interior/Exterior car damage,-0.4215,Negative
470,Over charged for the labor,Overcharged - charged more than was agreed on,-0.2023,Negative
471,I will not be returning to the particular jiffy lube due to charging me to top off fluids,"Fluids not topped off (ie engine coolant, washer fluid)",0.2023,Positive
472,I waited almost an hr just wanted oil change and new air filter,Service took too long,0.0,Neutral
473,"The employee told me that I needed a special type of oil which I believed because I know nothing about cars and I paid a lot extra and I found out that I didn't need the special oil, I just needed the regular oil",Misinformation about car/service needs given to customer,0.6597,Very Positive
474,I only want a Subaru STI expert to service my car,Competition-prefer other car care chain,0.0772,Positive
475,"Had to ask if my car was already done after I saw it out of the service bay with the door open for a while, attendant didn't give me the car key and I had to ask where was it cause it wasn't even inside the car and to top it all off I was charged $45 for a filter that's not even $15!!!!!",Price too high,0.0,Neutral
476,"The price that you charge for a normal oil change is more than the Chevrolet dealer   , and you use different oils  , and want to charge more money for premium oil",Overcharged - charged more than was agreed on,0.0772,Positive
477,Grossly disorganized service process   30 minute wait to get car in,Service took too long,-0.4767,Negative
478,$85.00 for a air filter and oil change is atrocious,Overcharged - charged more than was agreed on,0.0,Neutral
479,Rude customer service and I don't think they completed all the service I requested a,Unprofessional employees,-0.4588,Negative
480,They were just standing mostly walking with one another bathroom was very nasty,Unprofessional employees,-0.5984,Very Negative
481,"Just went for an oil change and right after that, the check engine light went on",Oil service light not reset ,0.0,Neutral
482,I submitted complaint online,Other issues,-0.296,Negative
483,They took advantage of me and I ended up over paying like 60,Overcharged - charged more than was agreed on,0.5423,Very Positive
484,"I just don't know which services I may actually need in the future, and for this reason, I am not sure if I will end up returning to Jiffy Lube in order to be serviced",Other issues,-0.2411,Negative
485,What normally takes 30 minutes took 90,Service took too long,0.0,Neutral
486,Manager seemed to have an attitude ,Unprofessional employees,0.0,Neutral
487,"This was my fourth time, The price in comparison to the dealer ship was DOUBLE!!!",Price too high,0.0,Neutral
488,I live in Colorado and was in Albuquerque helping my mom out and needed a LOFT and instead of waiting till I got home I went to a local store and gave them a coupon that I received via email but they would not honor it,Discount/coupon issue,-0.4295,Negative
489,I would not visit this location again on any upcoming visits,Other issues,0.0,Neutral
490,I had a coupon for $28 and it was not honored,Discount/coupon issue,-0.4717,Negative
491,Took cars ahead of me,Later-arriving customers served ahead of me,0.0,Neutral
492,"My vehicle started acting weird within 5 minutes after I left, they took out my air filter but didn't put it back in properly, they crossthreaded my bolts, and didn't clamp the breather hose back on which made my vehicle shift jerky and idle horrible",Oil filter issue,-0.7269,Very Negative
493,"The prices for an oil change were high, and the prices are also not clearly posted inside the establishment",Price too high,-0.3089,Negative
494,I believe $51 is extremely high for a routine oil change,Price too high,0.0,Neutral
495,I definitely will not go back to this location,Other issues,0.4019,Positive
496,"One of the things I was looking forward to was that they vacuum the inside, which it didn't look like they did",Vacuuming not done propertly,-0.2755,Negative
497,The exceedingly long time it took for an oil change and air filter change,Service took too long,0.0,Neutral
498,The manager on duty was trying to up sale me on everything when I went in for a basic oil change,Overselling-Pressure to buy,0.0,Neutral
499,Way too expensive I was quoted roughly $45 for the oil change and in the end they charged me $85,Overcharged - charged more than was agreed on,-0.2023,Negative
500,Price is a lot higher than where I usually go,Price too high,0.0,Neutral
501,I go somewhere else for the majority of the work done on my car,Competition-prefer other car care chain,0.0,Neutral
502,over charged me,Overcharged - charged more than was agreed on,-0.2023,Negative
503,Was told id be started soon and was ushered to fly infested waiting room,Service took too long,0.0,Neutral
504,My complaint with Jiffy Lube involves two stores,Other issues,-0.296,Negative
505,I have light tan interior and cloth seats and I now have black finger prints and smudges on my seats from the workers not using gloves,Other service issues,0.0,Neutral
506,"They were very pushy with the services they ""offer""  they tried many ways to get me to spend more money",Overselling-Pressure to buy,-0.3384,Negative
507,They sold me things I dont need and told me I have an oil leak,Overselling-Pressure to buy,-0.34,Negative
508,They were kinda rude,Unprofessional employees,-0.4033,Negative
509,"Your workers failed to properly close the hood of my car as a result of their negligence and carelessness, they jammed my hood support rod into my fan causing my car to overheat and ruin my radiator",Interior/Exterior car damage,-0.6705,Very Negative
510,Way to expensive for an oil change and air filter and nothing about the work or service to set it apart from a Walmart oil change except for the high price,Price too high,0.0,Neutral
511,Pricing is twice as much as anywhere else in our area,Price too high,0.0,Neutral
512,"I was quoted a price before the service began, and had it confirmed during the service",Overcharged - charged more than was agreed on,0.0,Neutral
513,"For me to get my safety and emissions test completed, I had to wait over an hour and a half for a 10 minute procedure",Service took too long,0.4215,Positive
514,Oil change took 1.5 hours when told 40 min,Service took too long,0.0,Neutral
515,I have honestly never had a good experience with Jiffy Lube so I try to avoid going at all costs,Price too high,-0.2191,Negative
516,price it is expensive the dealer is cheaper,Price too high,0.0,Neutral
517,They had to order an oil filter and didn't have the recommended weight oil either,Item out of stock,-0.1511,Negative
518,I think it's ridiculous that you advertise an oil change for $24.99 and it cost me almost $39 because I need 6,Price too high,-0.3612,Negative
519,"I don't like going to Jiffy Lube to get oil changes because I'm always saddled with the cost of a package deal of inspections I don'tt need, etc",Price too high,-0.2755,Negative
520,"one of the technicians kept yelling/saying ""Fuck"" every time a new customer showed up",Unprofessional employees,0.0,Neutral
521,The price,Price too high,0.0,Neutral
522,Too much up sell pressure,Overselling-Pressure to buy,-0.296,Negative
523,The mechanic who work on my car messed it up,Other service issues,-0.34,Negative
524,The wait for my emissions test was over an hour and it wasn't very crowded,Service took too long,0.0,Neutral
525,The person who worked on my car stole $20 from the console and all my quarters,Price too high,0.0,Neutral
526,An oil change should not cost $50,Price too high,0.0,Neutral
527,"I LIVE 30 MINUTES FROM YOUR FACILITY, AND HAD TO RETURN THE NEXT DAY BECAUSE MY 2011 PICKUP WAS LEAKING OIL ON MY CONCRETE DRIVEWAY",Oil filter issue,0.0,Neutral
528,The waiting room had no A/C and I sat there for 15 minutes while my car was parked and finished with my oil change,Customer lounge atmosphere,-0.296,Negative
529,To change the air filter and cabin filter were unbelievably expensive - I won't be back!!!,Price too high,0.0,Neutral
530,I had the worst experience! Omar Franklin was very disrespectful to my friend & me,Unprofessional employees,-0.2942,Negative
531,0 care about customer service no one was personable,Unprofessional employees,0.25,Positive
532,"The technition slammed my hood so hard a dent ocurred which cost 300 dollars to fix,   we did not see it until later that day,",Interior/Exterior car damage,-0.2183,Negative
533,None of the services aside from the oil change were given with this visit,Other service issues,0.0,Neutral
534,"First of all, The manager, Chris, at the location I was at was absolutely great and really did a fantastic job of fixing the situation, but my issues were 1) bought the $79 certificate through GroupOn and it said the deal came with a free oil filter, but I had to pay $75 extra because I had a ""Special"" filter for my 2011 Jaguar XF and had to go out and get it  2) First Jiffy lube I went to didn't not have full synthetic (how does a oil change shop, not have oil?) 3) Had to buy 2",Discount/coupon issue,0.8396,Very Positive
535,I will never go back there,Other issues,0.0,Neutral
536,#1 I had to sit outside for at least 5-10 minutes before anyone noticed that I was waiting for assistance,Poor customer service,0.0,Neutral
537,your people brock my dip stick,Interior/Exterior car damage,0.0,Neutral
538,Didn't get a good feeling overall with the place,Other issues,-0.4168,Negative
539,The service was not up to your standards,Other service issues,0.0,Neutral
540,Was not informed of the cost of the oil put in my Yukon,Misinformation about car/service needs given to customer,0.0,Neutral
541,I got a tire rotation and they did not screw the lug nuts in on one of the tires,Tire rotation service issue,-0.2509,Negative
542,I stated when I arrived that my coolest was low and needed to be checked I knew collect was not covered in service,Overcharged - charged more than was agreed on,-0.2732,Negative
543,Because the crew or the manager has know clue of what they are doing,Employees not knowledgeable,0.0,Neutral
544,"I will return to Jiffy Lube, just not this location",Other issues,0.0,Neutral
545,To expensive,Price too high,0.0,Neutral
546,Prices too high for service,Price too high,0.0,Neutral
547,No oil change should cost $90 plus dollars,Price too high,-0.296,Negative
548,"They did not ask which oil I wanted, hence charging me $90 for an oil I did NOT ask for",Didn't get customer prior approval to authorize work/expense,0.0,Neutral
549,First of all they did not have my air filter ,Oil filter issue,0.0,Neutral
550,Cost more than taking to dealership,Price too high,0.0,Neutral
551,"1) My air filter was full of dust and my inspection report said it's OK, I found this when I reached home and checked it on my own",Air filter ,0.516,Very Positive
552,"Quite frankly, your office has taken advantage of me",Harrassment/discrimination ,0.25,Positive
553,They took my car before asking what I needed,Unprofessional employees,0.0,Neutral
554,"After my inspection, sales person asked when was the last time I replaced my windshield wipers",Overselling-Pressure to buy,0.0,Neutral
555,Left a lot of oil residue underneath my car which spilled onto my driveway staining and leaving a giant puddle and forgot to fill up my windshield wiper fluid,Other service issues,0.0,Neutral
556,The manager of the Edmond location was extremely rude and difficult to deal with,Unprofessional employees,-0.7233,Very Negative
557,Too pushy,Overselling-Pressure to buy,-0.2732,Negative
558,"I went in for brakes, had a groupon and was told that it was for both axles and then i get there and its not",Discount/coupon issue,0.0,Neutral
559,My tires didn't get air and paper work stated it did,Overcharged - charged more than was agreed on,0.0,Neutral
560,Told the fellow to rotate my tires and he said he forgot,Tire rotation service issue,0.0,Neutral
561,"I had a ""head light"" out",Interior/Exterior car damage,0.0,Neutral
562,Knew I was on a limited income and went ahead and did a front end alignment and after the fat told me I needed he tire rods replaced,Overselling-Pressure to buy,-0.2263,Negative
563,The fact that they are using open oil cans to fill my oil indicates they do not understand how contaminants enter the engine,Employees not knowledgeable,0.0,Neutral
564,I had taken my vehicle to this location for a previous oil change and when they finished they told me I needed a cabin filter,Overselling-Pressure to buy,0.0,Neutral
565,I never heard of a $176,Price too high,0.0,Neutral
566,When I arrived I was told they did not have my oil filter in stock,Item out of stock,0.0,Neutral
567,The price of the oil change was far more then i am used to paying,Price too high,0.0,Neutral
568,My car is messed up now and they OVER CHARGED me because I'm a 17 year old girl and had no idea what was happening,Overcharged - charged more than was agreed on,-0.7297,Very Negative
569,Because they overcharge and something ends up being broken after my oil change,Overcharged - charged more than was agreed on,-0.4767,Negative
570,I feel like I was hustled,Harrassment/discrimination ,0.3612,Positive
571,Felt that the salesman lied about issues with my car,Misinformation about car/service needs given to customer,-0.3818,Negative
572,"when told about what would be done, she talked so fast, it was like a robot talking and you didn't have time to reply to anything",Communication,0.3612,Positive
573,Yin bay took 40 min to start work,Service took too long,0.0,Neutral
574,Very slow service,Service took too long,0.0,Neutral
575,Employees were rude to me,Unprofessional employees,-0.4588,Negative
576,Took an hour and a half for an oil change!,Service took too long,0.0,Neutral
577,Cost was higher than at other jiffy lubes and also much higher than at the dealer,Price too high,0.0,Neutral
578,Because it leaks oil now,Oil filter issue,0.0,Neutral
579,Very unorganized service,Other service issues,0.0,Neutral
580,The sales pitch on the additional work was too high pressure,Overselling-Pressure to buy,-0.296,Negative
581,"I was not quoted I price but, told a but, what each item would cost",Overcharged - charged more than was agreed on,0.0,Neutral
582,"I went because I found an online coupon, and I didn't have time to run to the dealership, across town",Competition-prefer other car care chain,0.0,Neutral
583,too expensive,Price too high,0.0,Neutral
584,The customer service was poor,Poor Customer Service,-0.4767,Negative
585,I was overcharged,Overcharged - charged more than was agreed on,0.0,Neutral
586,The employees are not professional,Unprofessional employees,0.0,Neutral
587,Had to go back to get a lug nut mounted,Other issues,0.0,Neutral
588,Inability to follow simple directions,Unprofessional employees,-0.4019,Negative
589,Out of stock on a very common oil filter,Item out of stock,0.0,Neutral
590,After my oil change my car started leaking oil all over the drive way,Oil filter issue,0.0,Neutral
591,"It took forever there was nothing jiffy about it, unorganized as well",Service took too long,0.2732,Positive
592,Over priced,Price too high,0.0,Neutral
593,My breaks were fine but after the service I had to take to another mechanic to repair what was damaged by jiffy lube,Interior/Exterior car damage,-0.5346,Very Negative
594,I called and asked if the services I needed was available and was told yes but they were not,Misinformation about car/service needs given to customer,0.2144,Positive
595,I was unhappy that at the end of my visit I discovered that they charged me over $10 for 2 more quarts of oil,Overcharged - charged more than was agreed on,-0.5574,Very Negative
596,My inspection was rushed my car wasnt vacummed or cleaned my tires werent inspected just rushed and I was out,Vacuuming not done propertly,0.0,Neutral
597,"Way to expensive!  $76 for an oil change, really?",Price too high,0.0,Neutral
598,"I paid a lot of money for the work was done on my car , the work was done on my car , well I had to take my car that Friday to see what was wrong with it because it was not running right I had to pay out $500.00, it was running good when It was taken their , to me I lost a lot of money , i had need some things done on my car because I had to go out of town did not go ",Overcharged - charged more than was agreed on,-0.2023,Negative
599,my inside passenger door was horribly scratched and I have multiple oil stains on my seat,Interior/Exterior car damage,-0.5267,Very Negative
600,"I was first customer of the day and it took well over an hour for oil change, inspection and tire rotation",Service took too long,0.2732,Positive
601,They are not very good at the job at hand,Employees not knowledgeable,0.1474,Positive
602,They were unable to lift my Acadia up on the lift to rotate tires,Tire rotation service issue,0.0,Neutral
603,They broke my car,Interior/Exterior car damage,-0.4215,Negative
604,"Too expensive, I just stopped to get oil change because they wasn't busy",Price too high,-0.2263,Negative
605,Prices are outrageous,Price too high,-0.4588,Negative
606,I had a Groupon to use and then they stop charged me $11.00 for 1quart of oil that was just crazy,Overcharged - charged more than was agreed on,-0.6597,Very Negative
607,$115.00 just for a oil change,Price too high,0.0,Neutral
608,The price for the oil change was ridiculous!!!!,Price too high,0.0,Neutral
609,Felt like I was getting pressured into doing a lot of repairs that I didn't need,Overselling-Pressure to buy,0.1531,Positive
610,Picked up my car 2 hours after drop off,Service took too long,-0.2732,Negative
611,your price for synthetic oil change is way too high,Price too high,0.0,Neutral
612,Had to tell attendants what to check and how to do service,Employees not knowledgeable,0.0,Neutral
613,Not knowledgable,Employees not knowledgeable,0.0,Neutral
614,Went from 30$ to over 200$ plus they wanted $60 for a air filter and it wasn't even bad,Overselling-Pressure to buy,0.431,Positive
615,The waiting room was hot,Customer lounge atmosphere,0.0,Neutral
616,The customer service component is seriously lacking,Poor Customer Service,-0.1779,Negative
617,"Long, long wait",Service took too long,0.0,Neutral
618,Too pricey,Price too high,0.0,Neutral
619,The cost of an oil change was $96,Price too high,0.0,Neutral
620,After they took the cabin filter out of my glove compartment they didn't put the glove compartment back properly,Other service issues,0.0,Neutral
621,"Employees were very nice, but when I was about to drive away, they stopped me to inform me that they did not put my skid plate back on the bottom of my car after finishing the oil change",,-0.0781,Negative
622,over priced,Price too high,0.0,Neutral
623,Service took an 1 hour 45 minutes after 45 minute quote time,Service took too long,0.0,Neutral
624,90 dollars for 3.5 quarts of oil is fucking ridiculous,Price too high,-0.4201,Negative
625,Customer service was not good,Poor Customer Service,-0.3412,Negative
626,I was not asked what type of service I wanted,Didn't get customer prior approval to authorize work/expense,0.0,Neutral
627,"The guy helping me appeared to be an alright person, but kept trying to sell me a brake flush after I told him no several times and stated I have a guy who handles all other maintenance on my car",Overselling-Pressure to buy,-0.1779,Negative
628,Customer service was awful,Poor Customer Service,-0.4588,Negative
629,"Price is cheaper at other places, free tire rotation is more important than a clean floor and mediocre job at window cleaning",Price too high,0.8104,Very Positive
630,The customer service was not genuine,Poor Customer Service,0.0,Neutral
631,The customer service is poor,Poor Customer Service,-0.4767,Negative
632,Overpriced and slow service,Price too high,0.0,Neutral
633,The technicians made a mess if my vehicle,Other service issues,-0.3612,Negative
634,"I paid way too much!! I realize I use synthetic oil, but I got no discounts, when usually I do",Overcharged - charged more than was agreed on,-0.5242,Very Negative
635,Broke my car key after the oil change,Interior/Exterior car damage,-0.4215,Negative
636,Returned for top off after ! One car three guys working but need to wait 15 to 20 mins to top my oil off !!! Will buy it again myself !!! Need to find new location,Service took too long,0.5815,Very Positive
637,"The store manager was yelling at his 2 young employees telling them they were USELESS ,,, he was rude and short tempered with other customers ,,, I told him at 3 pm I was there cuz transmission temp was high ,, after he did a Trans flush and oil change and it was 6:40 he says I need a mechanic at that point all were closed ,,, then he says I'm just a lube technician, , and the way he spoke to his employees was horrible I felt embarrassed for them",Unprofessional employees,-0.9106,Very Negative
638,"Given I have typically paid from $25-$35 for an oil change at Jiffy Lube, the charge of $43+ for this oil change left me with sticker shock that reminded me not to come back without a coupon",Overcharged - charged more than was agreed on,-0.3818,Negative
639,"When we pulled up, it took about 5 minutes to have anyone even come up and talk to us",Poor Customer Service,0.0,Neutral
640,Always seems very shady,Other issues,0.0,Neutral
641,Very rude service manager - Chris,Unprofessional employees,-0.5095,Very Negative
642,I will not return to that location,Other issues,0.0,Neutral
643,My oil change cost me $85,Price too high,0.0,Neutral
644,The techs and service was great but the price was terrible   $110,Price too high,-0.3818,Negative
645,You are way over priced for an oil change,Price too high,0.0,Neutral
646,I entered to a person holding a sign saying next oil change will $29,Overcharged - charged more than was agreed on,0.0,Neutral
647,The guys there were trying to sell me,Overselling-Pressure to buy,0.0,Neutral
648,It's not all Jiffy Lubes just to one at TO Blvd and Erbes,Other issues,0.0,Neutral
649,Probably the most overpriced oil change I have ever gotten,Price too high,0.0,Neutral
650,They said they checked my fluids took my truck somewhere else and I had no transmission fluid which they said was fine all I needed was anti freeze,"Fluids not topped off (ie engine coolant, washer fluid)",-0.3612,Negative
651,"Poor service, poor customer service, bad experience the only polite person was an older guy who wasn't helping me at all who said how's your day mam",Poor customer service,-0.8907,Very Negative
652,Some idiot put coolant I,Other issues,-0.5106,Very Negative
653,I was told two times that the car tire pressure was checked and air was added,Overcharged - charged more than was agreed on,-0.296,Negative
654,Left my vehicle dirty did not wipe off the used oil when they removed the oil filter and drained the oil,Other service issues,-0.6597,Very Negative
655,Too many rumors about lying employees and suggesting maintenance on vehicles that don't need it and upselling products,Overselling-Pressure to buy,-0.5267,Very Negative
656,They didn't vacuum my car,Vacuuming not done propertly,0.0,Neutral
657,It took almost 2 hrs for my oil change,Service took too long,0.0,Neutral
658,"First, the prices for your oil changes have steadily increased over the past several years",Price too high,0.2732,Positive
659,"Continued effort to up-sell, after being told in no uncertain terms that I only want an oil change",Overselling-Pressure to buy,-0.4767,Negative
660,I wouldn't take my dog there to have his ass shaved,Other issues,-0.5423,Very Negative
661,"Took forever, didn't  do the services I requested and didn't get the discount on my oil change like I was told I would",Discount/coupon issue,0.3612,Positive
662,My truck was hit while there,Interior/Exterior car damage,0.0,Neutral
663,The service and the tactics just horrible,Other service issues,-0.5423,Very Negative
664,I tried to tell them I used regular 5W30 oil and not synthetic but they put synthetic in my truck with only 49000 miles on it at a cost of 93,Price too high,0.0,Neutral
665,Came to the shop to have our air conditioner recharged and air conditioner filter changed,Air filter ,0.0,Neutral
666,Did not call me to tell me car was ready,Poor Customer Service,0.3612,Positive
667,The customer service was great but the price is too high,Price too high,0.3716,Positive
668,"The cost for 6 quarts of mobile 1, oil filter and air filter was $140",Price too high,0.0,Neutral
669,They did not go over the price of the oil Chang or what was being done to my vehicle until after they already changed my oil,Price too high,0.0,Neutral
670,Waited over an hour for an oil change when there was only one car ahead of me,Service took too long,0.0,Neutral
671,Failed to check coolant although advise of engine heat issues,"Fluids not topped off (ie engine coolant, washer fluid)",-0.5106,Very Negative
672,"The day after my oil change, the car started to overheat",Oil filter issue,0.0,Neutral
673,Price for an oil change and tire rotation for a Camry was over $80!!!!!!,Price too high,0.0,Neutral
674,Left oil all over engine of truck   It leaked all over my driveway 3 puddles on my driveway,Other service issues,-0.3182,Negative
675,I do my own oil changes,Competition-prefer local mechanic,0.0,Neutral
676,My vehicle leaked dirty black oil all over my driveway and garage floor right after the oil change,Other service issues,-0.6369,Very Negative
